Count Date,City Wide Daily Average,Trap Days,North West 1,North West 2,North West 3,North West 4,North West 5,North West 6,North West 7,North West Average,North East 1,North East 2,North East 3,North East 4,North East 5,North East 6,North East 7,North East Average,South East 1,South East 2,South East 3,South East 4,South East 5,South East 6,South East 7,South East Average,South West 1,South West 2,South West 3,South West 4,South West 5,South West 6,South West 7,South West Average,Rural AA,Rural BB,Rural CC,Rural DD,Rural EE,Rural FF,Rural GG,Rural HH,Rural II
04/05/2015,1,3,1,2,1,0,2,0,1,1,0,2,2,0,3,1,1,1,0,0,1,2,1,0,1,1,0,3,1,1,0,2,0,1,1,0,0,1,0,3,0,2,7
06/05/2015,1,2,2,1,2,1,3,0,3,2,2,2,3,1,2,1,1,1,1,1,0,1,1,1,1,0,0,3,2,3,0,1,1,1,2,5,0,1,0,3,2,3,4
08/05/2015,0,2,0,0,0,0,0,0,1,0,0,0,0,0,0,0,0,0,0,1,0,0,0,0,0,0,0,0,0,0,0,0,0,0,0,0,0,0,0,1,1,1,0
11/05/2015,0,3,0,0,0,0,0,0,0,0,0,0,0,0,0,0,0,0,0,0,0,0,0,0,0,0,0,0,0,0,0,0,0,0,0,0,0,0,0,1,1,0,1
13/05/2015,0,2,1,0,0,1,1,0,1,0,1,0,0,0,0,0,0,0,0,0,1,0,0,0,1,0,0,1,0,0,0,1,1,0,2,0,0,1,0,0,0,0,1
15/05/2015,0,2,0,0,0,1,1,0,1,0,1,0,1,0,0,0,0,0,0,1,1,0,1,0,1,0,0,0,0,0,0,0,0,0,0,0,0,0,0,0,0,2,0
20/05/2015,0,5,0,0,0,0,0,0,0,0,0,0,0,0,0,0,0,0,0,0,1,0,0,0,0,0,0,0,0,0,0,0,0,0,1,0,no data,0,0,0,0,0,3
22/05/2015,1,2,1,1,0,2,1,1,0,1,1,1,0,0,1,0,0,0,1,1,1,1,2,0,1,1,0,3,2,0,0,0,0,1,4,3,3,1,0,1,1,2,0
25/05/2015,1,3,3,0,1,0,2,0,0,1,1,2,1,1,1,3,1,1,0,0,1,1,1,0,1,1,0,3,3,1,1,2,0,1,2,1,0,2,1,5,1,2,1
27/05/2015,1,2,2,0,no data,2,1,0,0,1,2,1,1,0,1,2,1,1,0,1,2,no data,1,1,0,1,1,2,1,1,0,1,0,1,2,0,0,3,1,3,3,5,3
29/05/2015,0,2,0,0,0,0,1,0,0,0,0,0,1,0,1,0,1,0,0,1,1,0,1,0,0,0,0,1,1,1,0,2,0,1,0,0,2,1,1,1,0,0,1
01/06/2015,0,3,0,1,0,0,0,0,0,0,0,2,1,0,0,0,0,0,0,0,0,0,1,0,1,0,0,1,0,1,0,0,0,0,0,0,0,0,0,4,0,2,4
02/06/2015,4,1,2,7,3,0,4,1,4,3,3,5,3,0,2,4,4,3,1,3,6,5,1,3,14,5,3,12,3,2,3,2,0,4,4,0,0,1,4,122,3,11,28
03/06/2015,2,1,2,2,0,1,0,0,1,1,1,0,1,0,0,0,1,0,0,3,1,1,0,2,2,1,0,8,5,6,0,5,0,3,4,0,0,0,2,8,2,14,12
04/06/2015,3,1,2,1,0,3,4,0,4,2,2,2,1,0,0,1,2,1,1,3,5,2,1,0,14,4,4,6,6,5,2,4,1,4,2,0,no data,1,3,19,2,6,2
05/06/2015,9,1,8,12,1,13,20,2,11,10,11,3,10,0,1,7,1,5,5,24,7,16,5,0,23,11,5,5,7,20,2,31,0,10,19,no data,49,24,0,69,3,25,6
08/06/2015,40,3,69,93,43,22,36,5,15,41,37,14,22,8,23,13,8,18,22,40,23,53,33,5,46,32,37,40,47,131,8,232,4,71,41,34,5,104,6,85,35,301,73
09/06/2015,137,1,44,no data,45,71,226,29,306,120,106,216,28,31,52,50,10,70,150,320,92,184,61,9,46,123,72,158,31,73,23,1264,4,232,78,106,17,268,6,170,33,740,181
10/06/2015,51,1,29,98,55,47,59,7,11,44,20,48,31,6,25,10,4,21,24,120,31,50,25,5,82,48,96,72,122,128,12,188,11,90,5,5,7,73,4,190,18,332,4
11/06/2015,151,1,236,248,85,142,121,21,168,146,136,124,162,17,104,94,79,102,65,568,90,84,212,7,236,180,81,304,312,208,28,272,25,176,36,118,40,316,3,200,25,528,227
12/06/2015,82,1,136,276,83,91,60,31,200,125,68,68,51,13,57,30,27,45,52,95,55,101,41,0,92,62,35,146,162,84,8,228,2,95,53,77,17,120,no data,65,8,556,120
13/06/2015,114,1,244,88,26,26,81,21,200,98,166,194,78,24,212,96,23,113,55,456,24,106,56,34,118,121,38,392,116,66,15,228,12,124,63,196,45,728,38,240,192,196,228
14/06/2015,66,1,132,120,34,20,92,9,104,73,57,130,52,11,2,104,40,57,56,53,18,52,19,7,0,29,134,208,178,no data,17,120,7,111,11,16,11,158,40,58,9,202,49
15/06/2015,27,1,25,19,23,20,35,2,31,22,31,72,14,2,no data,29,41,32,28,40,8,7,5,0,no data,15,50,134,33,1,3,37,5,38,17,7,7,39,14,42,11,73,3
16/06/2015,15,1,19,4,10,58,35,1,22,21,17,44,25,3,12,3,7,16,11,5,1,11,2,1,5,5,72,7,3,no data,2,30,0,19,13,11,3,24,2,20,2,24,2
17/06/2015,18,1,4,8,14,15,25,1,24,13,67,99,15,1,18,19,6,32,16,16,12,16,9,0,6,11,19,32,15,25,0,19,0,16,17,12,0,47,2,17,0,166,2
18/06/2015,6,1,3,4,4,16,7,2,7,6,6,8,3,0,4,8,3,5,2,12,3,8,2,1,17,6,10,15,4,11,0,9,1,7,8,4,0,14,5,17,0,25,0
19/06/2015,30,1,54,26,35,94,60,15,26,44,26,79,34,4,40,5,14,29,17,27,17,39,12,1,23,19,23,32,8,48,2,72,6,27,42,67,8,32,5,46,2,124,11
20/06/2015,27,1,64,42,10,41,20,12,46,34,10,19,21,0,34,12,22,17,13,16,8,8,4,1,26,11,35,132,48,68,3,32,1,46,30,32,4,54,1,36,10,102,440
21/06/2015,46,1,76,87,18,52,104,23,83,63,29,158,51,18,73,28,17,53,32,38,31,26,21,1,26,25,62,40,86,60,5,40,0,42,71,23,10,77,7,32,4,328,40
22/06/2015,50,1,104,44,21,18,66,22,142,60,44,86,36,12,87,29,13,44,19,39,33,28,31,4,103,37,78,126,106,70,4,43,4,62,70,58,15,126,4,68,8,73,138
23/06/2015,25,1,28,19,11,23,45,4,41,24,23,61,32,9,34,33,26,31,18,24,25,20,29,1,50,24,33,23,10,26,6,42,3,20,17,6,2,39,5,15,2,23,10
24/06/2015,49,1,84,47,18,34,38,29,178,61,57,65,32,18,38,23,20,36,18,42,21,48,20,4,no data,26,18,83,192,94,1,98,2,70,66,53,14,57,15,38,8,128,57
25/06/2015,68,1,76,41,10,228,264,148,336,158,22,50,55,7,106,18,16,39,17,37,16,21,27,1,65,26,17,176,39,33,11,52,9,48,206,18,12,45,3,34,6,87,14
26/06/2015,51,1,57,33,26,55,33,18,36,37,36,124,100,13,66,27,35,57,36,110,44,60,85,5,87,61,5,79,36,61,23,138,6,50,16,40,6,63,23,94,27,70,14
27/06/2015,56,1,81,25,31,55,18,3,107,46,34,39,37,4,170,10,8,43,46,120,33,70,60,6,11,49,10,248,84,45,26,190,3,87,35,119,2,100,9,252,12,106,156
28/06/2015,10,1,22,14,9,3,4,4,10,9,3,4,2,1,24,5,3,6,10,9,8,9,14,3,46,14,0,22,8,17,10,9,0,9,42,5,1,8,5,24,6,47,1
29/06/2015,50,1,78,68,33,228,20,10,80,74,86,64,62,11,25,1,15,38,24,69,43,50,36,1,62,41,1,118,89,32,2,93,2,48,41,14,7,85,11,120,7,144,6
30/06/2015,18,1,9,16,9,14,6,12,9,11,19,14,11,4,7,no data,6,10,17,43,11,57,11,2,47,27,2,83,31,21,0,32,2,24,12,4,2,66,2,20,1,15,1
02/07/2015,25,2,35,25,25,27,22,21,112,38,22,32,37,3,30,26,8,23,22,26,10,40,22,1,21,20,1,36,40,26,1,23,0,18,54,28,3,32,5,35,5,48,26
03/07/2015,11,1,17,22,2,3,6,1,15,9,9,29,6,2,13,5,8,10,7,15,13,29,8,1,11,12,1,26,32,13,3,15,2,13,8,3,1,24,13,22,2,29,0
06/07/2015,11,3,15,6,5,3,9,14,37,13,18,25,21,1,9,9,7,13,12,20,8,13,7,1,11,10,1,17,15,10,2,6,1,7,31,14,5,17,1,17,1,27,4
07/07/2015,6,1,9,1,6,7,13,3,8,7,4,18,10,2,10,11,3,8,1,12,3,4,3,0,12,5,0,1,no data,6,1,0,1,2,5,4,0,no data,3,15,0,7,0
08/07/2015,13,1,18,5,7,13,12,2,38,14,24,51,39,6,16,1,6,20,7,17,9,21,2,0,5,9,2,35,14,5,1,8,1,9,35,17,9,41,2,18,0,55,9
09/07/2015,10,1,8,2,8,5,23,13,18,11,6,20,46,3,13,16,7,16,12,14,6,3,7,0,22,9,0,11,5,3,7,4,4,5,14,7,2,18,4,28,0,11,0
10/07/2015,10,1,8,3,4,6,3,2,24,7,15,52,8,3,14,4,4,14,5,16,1,8,7,1,3,6,0,48,12,5,0,9,1,11,12,12,0,125,0,81,2,22,3
13/07/2015,10,3,10,2,4,no data,4,4,33,9,44,41,9,5,7,7,2,16,5,9,3,13,7,1,3,6,0,30,6,6,2,10,1,8,1,39,2,39,2,23,5,19,4
14/07/2015,9,1,17,5,4,9,1,10,29,11,26,22,4,0,4,7,7,10,2,5,7,9,3,3,14,6,0,33,12,8,0,10,0,9,1,11,0,64,3,9,2,6,4
15/07/2015,12,1,18,0,1,13,17,8,56,16,40,19,32,2,11,4,4,16,13,11,2,11,10,1,8,8,1,29,10,0,5,4,0,7,no data,25,2,43,0,11,0,24,1
16/07/2015,26,1,44,4,5,54,11,8,74,29,28,102,48,6,19,29,24,37,21,18,13,34,30,5,31,22,0,34,34,17,0,45,2,19,7,31,4,144,10,72,9,20,3
17/07/2015,41,1,124,8,8,38,13,13,35,34,31,73,31,6,71,62,41,45,35,17,33,69,115,9,115,56,0,73,24,9,no data,28,16,25,19,23,15,36,7,60,15,71,5
20/07/2015,23,3,31,5,6,49,8,2,32,19,29,76,38,2,24,15,18,29,12,19,10,35,37,7,96,31,1,45,13,7,9,24,5,15,6,9,4,47,16,195,7,45,no data
21/07/2015,42,1,52,6,2,63,21,no data,47,32,72,44,32,16,37,80,53,48,21,25,14,71,60,18,174,55,2,73,21,6,42,47,30,32,73,19,7,77,30,132,60,82,6
22/07/2015,40,1,101,14,16,96,29,4,63,46,58,59,24,13,21,65,19,37,34,37,16,27,94,4,63,39,3,84,80,29,41,8,5,36,55,94,1,103,6,98,17,93,57
23/07/2015,59,1,58,13,11,96,21,6,140,49,94,152,40,30,79,93,24,73,45,79,12,154,38,6,37,53,1,284,53,22,14,45,4,60,58,46,0,172,9,1376,23,11,27
24/07/2015,46,1,51,9,13,32,25,13,80,32,41,36,19,5,69,38,21,33,39,18,6,110,41,5,100,46,4,162,206,50,14,59,13,73,59,74,20,96,49,158,31,70,42
27/07/2015,50,3,139,14,12,152,22,17,92,64,70,75,18,18,54,63,37,48,31,12,21,34,39,8,40,26,11,237,111,20,32,17,16,64,71,219,13,109,38,405,14,107,20
28/07/2015,26,1,39,5,12,23,7,6,88,26,60,140,21,6,29,31,19,44,24,13,15,18,20,5,54,21,3,2,22,17,7,25,4,11,69,21,0,78,5,134,9,68,10
29/07/2015,5,1,5,0,1,3,4,3,18,5,10,15,5,4,9,1,8,7,3,1,0,9,7,2,8,4,2,0,3,2,1,14,2,3,5,1,0,7,0,49,0,35,0
30/07/2015,36,1,72,8,no data,68,25,16,61,42,56,45,15,13,38,87,82,48,7,12,11,26,80,6,46,27,3,no data,61,13,49,25,8,27,21,27,19,59,71,46,2,104,2
31/07/2015,22,1,75,14,6,47,17,6,13,25,56,54,8,3,16,21,29,27,12,10,10,16,14,6,33,14,5,66,43,12,9,5,5,21,13,7,3,21,15,24,1,51,1
03/08/2015,24,3,89,13,5,30,20,15,34,29,18,28,7,no data,34,30,31,25,8,13,6,31,22,4,61,21,3,72,59,4,4,12,3,22,41,6,2,39,34,54,4,65,10
04/08/2015,10,1,26,4,0,14,13,2,9,10,5,7,3,17,7,15,7,9,6,4,5,17,6,2,44,12,0,22,32,2,5,8,4,10,5,6,0,12,7,6,1,7,8
05/08/2015,9,1,30,4,2,21,9,19,7,13,6,3,0,1,10,10,14,6,3,1,8,8,8,3,25,8,2,18,8,3,8,7,2,7,27,14,3,2,3,5,3,5,2
06/08/2015,10,1,5,5,2,4,6,0,10,5,19,12,4,1,5,3,9,8,10,5,3,13,7,1,39,11,4,52,20,10,1,19,2,15,11,17,0,34,1,76,14,9,4
07/08/2015,12,1,26,2,6,4,6,1,9,8,17,4,0,0,12,9,12,8,16,5,5,no data,6,1,30,11,2,102,21,8,6,6,0,21,19,10,1,5,4,42,6,19,10
10/08/2015,31,3,103,9,14,24,22,no data,23,33,68,25,17,7,99,31,38,41,16,10,16,23,31,1,36,19,14,139,29,8,21,9,12,33,34,17,4,49,16,64,11,59,1
11/08/2015,34,1,81,3,5,44,23,30,23,30,43,17,17,5,67,27,71,35,9,19,5,54,25,3,64,26,4,216,26,9,40,5,12,45,120,79,1,23,19,69,11,80,13
12/08/2015,77,1,400,9,11,59,30,2,94,86,62,96,12,7,68,52,2,43,22,25,13,122,33,44,26,41,22,204,304,272,134,23,8,138,89,67,16,62,28,1104,17,216,9
13/08/2015,40,1,105,5,2,71,13,12,40,35,87,48,12,6,104,63,20,49,17,32,13,68,28,2,70,33,7,154,51,19,35,6,17,41,68,116,9,77,10,160,34,90,17
14/08/2015,39,1,109,6,11,57,25,39,51,43,48,22,21,7,34,33,33,28,11,26,9,106,26,13,65,37,8,240,56,6,17,12,11,50,102,56,no data,51,100,106,20,210,8
15/08/2015,27,1,13,5,3,26,17,8,47,17,41,100,10,38,13,24,22,35,13,45,6,69,32,1,38,29,5,120,19,6,7,13,4,25,47,27,9,71,28,520,14,71,20
16/08/2015,11,1,30,2,6,12,7,1,10,10,9,36,0,2,19,5,5,11,1,8,4,50,6,1,12,12,6,32,15,2,1,14,2,10,15,5,4,91,43,102,9,142,3
17/08/2015,8,1,12,7,4,15,15,8,3,9,9,22,5,1,8,8,6,8,3,9,8,12,9,1,12,8,no data,9,3,5,6,1,4,5,4,4,4,21,10,25,10,17,1
18/08/2015,5,1,35,0,0,12,8,2,14,10,5,13,1,1,6,3,0,4,0,3,3,6,4,0,11,4,3,14,1,2,3,0,2,4,6,13,16,4,1,2,1,7,7
19/08/2015,10,1,28,2,5,13,23,3,22,14,21,9,2,1,2,8,6,7,8,11,4,54,1,1,13,13,3,20,0,11,4,5,1,6,4,8,1,12,4,28,0,21,0
20/08/2015,8,1,10,2,1,13,47,17,14,15,17,1,3,1,1,5,11,6,3,10,9,4,5,0,21,7,no data,12,5,4,8,1,1,5,10,46,10,4,1,4,no data,14,6
21/08/2015,12,1,14,3,8,5,15,11,49,15,no data,no data,2,5,14,3,9,7,7,10,3,25,4,1,5,8,3,100,13,6,2,2,0,18,8,108,6,28,4,68,0,no data,8
22/08/2015,31,1,48,20,13,19,22,39,120,40,81,59,4,5,6,13,16,26,4,10,4,45,9,1,47,17,9,164,72,34,2,13,2,42,212,260,12,96,9,73,42,no data,12
23/08/2015,5,1,4,4,1,1,0,1,0,2,48,15,1,0,6,4,11,12,3,no data,3,4,1,3,7,4,1,5,4,6,0,6,0,3,14,9,0,24,1,11,1,22,no data
24/08/2015,2,1,3,8,0,0,0,1,3,2,3,5,0,0,0,2,2,2,0,1,3,5,1,0,2,2,0,1,0,1,0,1,no data,1,4,5,0,10,0,4,0,28,no data
25/08/2015,6,1,13,0,4,13,5,5,4,6,8,22,1,1,1,1,3,5,3,0,7,9,7,1,26,8,6,no data,8,1,1,1,2,3,6,5,3,0,0,4,0,5,2
26/08/2015,4,1,10,2,5,13,4,7,9,7,6,4,0,1,7,3,4,4,1,0,3,3,1,0,13,3,5,no data,0,4,3,0,2,2,0,15,2,1,2,0,0,6,69
27/08/2015,19,1,17,3,7,no data,no data,18,34,16,75,44,2,8,5,24,15,25,4,no data,8,20,12,3,no data,9,10,no data,114,15,3,0,4,24,64,120,0,36,0,5,1,41,120
28/08/2015,18,1,13,9,2,29,6,25,31,16,69,31,5,25,6,13,10,23,5,6,7,25,28,3,11,12,11,57,33,23,4,5,4,20,61,220,18,100,no data,47,4,126,280
29/08/2015,15,1,42,12,3,22,8,35,13,19,23,29,1,3,3,4,13,11,7,3,4,22,49,1,19,15,8,51,18,6,4,3,7,14,65,49,3,7,26,66,0,39,146
30/08/2015,7,1,10,0,2,8,1,1,6,4,5,7,1,3,7,3,5,4,4,5,0,20,11,0,19,8,2,66,6,4,7,4,2,13,12,17,2,15,12,30,2,20,74
31/08/2015,9,1,13,2,2,18,1,2,5,6,14,3,0,0,5,2,4,4,3,0,1,20,5,2,4,5,8,100,24,1,4,7,2,21,14,33,0,16,8,63,20,54,260
01/09/2015,9,1,18,1,2,18,7,1,8,8,24,40,1,0,1,7,17,13,1,2,1,19,9,2,7,6,10,32,6,5,2,2,5,9,3,64,1,20,5,9,6,11,26
02/09/2015,10,1,8,2,3,19,1,7,7,7,29,4,1,no data,0,8,5,8,0,1,4,13,2,0,4,3,34,64,14,9,15,2,4,20,10,65,0,8,7,23,21,45,196
03/09/2015,8,1,3,0,4,3,0,0,3,2,10,7,1,0,3,3,13,5,2,0,1,7,3,0,1,2,10,112,20,13,5,0,5,24,4,29,1,12,6,51,12,24,196
04/09/2015,17,1,8,5,4,10,1,2,11,6,22,7,5,7,19,36,36,19,1,4,3,8,11,3,21,7,48,128,23,16,12,7,9,35,10,116,5,22,15,152,104,78,928
08/09/2015,13,4,17,6,2,9,5,1,10,7,30,7,12,11,14,36,49,23,8,4,14,19,14,3,17,11,11,22,25,5,5,4,5,11,15,24,15,31,38,36,6,19,138
11/09/2015,3,3,7,2,2,3,2,6,4,4,2,2,3,3,3,5,7,3,2,0,2,5,4,0,11,3,1,6,1,2,2,0,2,2,4,3,1,0,11,4,2,4,9
14/09/2015,7,3,17,8,6,5,3,2,5,6,16,22,6,4,5,7,9,10,5,3,4,32,3,1,9,8,4,6,8,3,3,2,0,4,17,19,2,0,2,10,1,20,19
16/09/2015,14,2,21,9,6,11,6,5,9,9,28,16,4,9,2,48,19,18,6,3,6,35,11,2,24,12,5,71,14,9,5,4,0,15,18,58,3,no data,18,616,24,51,69
18/09/2015,4,2,17,8,3,1,1,3,2,5,6,5,1,6,1,5,22,6,4,1,4,5,4,1,13,4,1,9,3,2,2,1,0,2,7,5,2,5,5,57,11,13,27
21/09/2015,6,3,4,3,0,4,2,2,4,3,19,39,1,1,1,7,8,11,2,1,3,22,4,1,10,6,0,21,2,5,3,1,0,4,10,24,0,12,10,160,3,12,37
23/09/2015,3,2,7,1,0,1,2,6,1,2,3,10,no data,2,2,3,13,5,2,2,1,4,3,1,6,3,1,6,2,1,0,0,0,1,4,4,0,4,6,25,1,12,12
25/09/2015,4,2,6,3,1,3,1,4,4,3,10,9,2,1,2,7,11,6,0,1,2,4,4,1,3,2,2,18,3,2,1,1,1,4,13,22,2,7,6,44,13,17,28
28/09/2015,7,3,4,6,2,6,3,2,6,4,2,37,1,3,4,11,25,12,2,2,3,8,4,2,6,4,3,35,7,5,2,4,0,8,no data,68,1,33,12,469,15,46,96
30/09/2015,1,2,2,1,0,0,0,1,0,0,1,1,0,0,0,3,4,1,2,1,0,6,2,0,1,2,0,3,0,0,0,0,3,1,4,3,0,1,2,15,0,8,11
05/05/2017,1,2,0,0,0,1,1,0,1,0,0,4,0,0,no data,4,0,1,0,1,1,0,0,0,1,0,2,16,0,0,0,1,0,3,1,0,3,no data,1,2,no data,2,0
03/05/2017,1,2,1,1,0,7,2,1,1,2,0,2,0,1,0,2,2,1,1,4,2,2,1,0,0,1,1,0,2,1,0,1,0,1,5,4,4,no data,4,12,0,2,no data
08/05/2017,0,3,0,0,0,0,0,0,0,0,0,0,0,0,1,0,0,0,1,0,0,0,0,0,0,0,0,0,0,1,0,1,0,0,1,1,no data,0,0,1,no data,0,0
12/05/2017,0,2,0,0,0,0,0,0,0,0,0,0,0,0,0,0,0,0,0,1,1,1,0,0,0,0,0,0,0,0,0,0,0,0,0,0,0,0,1,0,1,1,0
15/05/2017,0,3,0,1,0,0,1,0,1,0,1,0,1,0,0,0,0,0,0,0,0,0,0,0,0,0,1,0,0,1,0,1,0,0,0,2,0,1,0,1,0,0,1
10/05/2017,0,2,0,0,0,0,1,0,0,0,0,0,0,1,1,0,0,0,0,1,0,0,1,0,0,0,1,0,0,0,0,0,0,0,0,0,0,0,0,0,0,0,0
23/05/2017,0,5,1,0,0,0,0,0,0,0,0,0,0,0,0,0,0,0,0,0,0,0,0,0,0,0,0,0,0,0,0,0,0,0,0,1,0,0,0,0,0,0,1
17/05/2017,0,2,0,1,0,0,1,0,1,0,2,1,0,0,0,2,0,1,0,0,0,0,0,0,0,0,0,0,1,1,0,1,0,0,2,8,0,0,1,1,1,1,0
19/05/2017,0,2,0,0,0,0,0,1,0,0,0,0,0,0,0,0,0,0,0,0,0,0,0,0,0,0,0,0,0,0,0,0,0,0,0,0,0,0,0,0,0,0,0
26/05/2017,0,2,0,1,0,0,0,0,2,0,0,0,0,0,1,1,0,0,0,0,0,1,1,0,0,0,0,1,1,0,0,0,0,0,0,6,0,1,0,0,5,1,1
29/05/2017,0,3,0,0,0,0,0,0,0,0,0,0,1,0,0,0,0,0,0,0,1,1,1,0,0,0,1,0,0,0,0,2,0,0,0,0,0,1,1,0,0,2,0
31/05/2017,0,2,0,0,0,0,0,0,2,0,0,0,0,0,0,0,1,0,0,0,0,0,0,0,0,0,0,0,0,0,0,0,0,0,0,0,0,1,0,1,2,4,1
24/05/2017,0,2,1,0,0,0,0,0,1,0,0,0,0,0,0,0,0,0,0,0,0,0,0,0,0,0,0,0,0,0,0,0,0,0,2,1,2,0,0,0,0,1,3
02/06/2017,0,2,0,0,1,0,1,1,3,1,2,1,0,1,1,0,0,1,0,1,0,1,0,1,0,0,0,0,0,0,0,1,0,0,0,2,0,2,0,1,1,3,0
05/06/2017,3,1,2,2,0,2,2,2,5,2,4,5,3,2,0,5,3,3,4,3,7,4,2,1,2,3,2,0,7,4,2,9,1,4,7,52,19,3,5,4,3,15,7
07/06/2017,1,2,1,4,0,2,1,0,5,2,1,3,0,1,1,1,0,1,0,2,1,2,2,2,0,1,0,0,1,2,0,2,1,1,2,2,0,3,2,2,4,3,3
12/06/2017,1,3,1,0,0,4,1,2,1,1,0,no data,0,0,0,0,1,0,1,1,2,1,0,1,0,1,2,0,1,no data,0,2,0,1,1,1,1,3,0,1,5,7,3
09/06/2017,1,2,2,1,0,3,1,0,2,1,2,0,1,1,1,1,0,1,1,1,0,3,1,1,0,1,1,0,0,2,0,1,0,1,2,1,0,1,0,2,1,9,2
16/06/2017,0,2,0,0,0,0,0,0,0,0,0,0,0,0,0,0,0,0,0,0,0,0,0,0,0,0,0,0,0,0,0,0,0,0,0,0,0,0,0,0,0,0,0
19/06/2017,0,3,0,0,0,0,0,0,0,0,0,1,0,0,0,0,0,0,no data,0,0,no data,0,0,0,0,0,0,0,0,0,0,0,0,0,0,0,0,0,0,0,0,0
23/06/2017,0,2,1,1,1,2,0,0,0,1,0,1,0,0,1,0,0,0,0,0,0,0,0,0,0,0,0,0,0,2,0,0,0,0,1,1,0,1,0,0,1,1,1
28/06/2017,1,2,2,1,0,1,0,0,0,1,2,1,1,1,2,2,1,1,1,1,1,2,0,2,0,1,1,1,1,0,0,2,0,1,6,2,0,3,1,2,1,2,1
21/06/2017,1,2,0,1,0,2,1,0,0,1,1,2,2,0,2,0,0,1,0,1,1,1,0,1,0,1,1,0,1,0,1,1,0,1,4,0,0,2,1,0,1,0,0
26/06/2017,0,3,0,1,0,1,0,0,0,0,0,0,0,0,1,1,no data,0,1,0,0,0,0,0,0,0,1,0,0,0,0,1,0,0,0,0,0,1,0,1,0,1,0
30/06/2017,1,2,1,2,1,2,1,1,1,1,4,1,2,0,1,2,0,1,0,1,0,1,3,1,0,1,0,1,1,3,0,2,0,1,5,0,0,4,3,0,0,3,2
07/07/2017,14,2,23,33,10,no data,no data,0,2,14,9,9,12,8,22,5,9,11,3,16,19,14,15,10,2,11,no data,66,17,17,no data,12,3,23,14,2,2,10,4,23,20,336,20
05/07/2017,6,5,6,11,0,6,1,0,11,5,15,7,6,2,7,4,5,7,6,5,7,13,8,3,0,6,1,12,7,5,0,17,1,6,13,0,1,15,4,38,6,22,9
10/07/2017,19,3,37,41,6,45,2,no data,33,27,no data,68,35,3,32,17,16,29,5,10,29,33,25,13,2,17,6,7,7,5,2,20,2,7,37,4,no data,24,3,11,6,113,14
12/07/2017,9,2,12,12,2,16,2,2,4,7,15,2,10,2,9,5,2,6,5,12,6,5,22,7,1,8,2,34,16,28,1,26,3,16,23,4,1,10,0,14,48,64,12
14/07/2017,4,2,6,7,2,3,2,3,2,4,4,8,6,no data,3,6,no data,5,2,5,4,7,6,4,2,4,2,2,7,4,1,9,0,4,9,1,2,7,2,5,2,10,2
17/07/2017,9,3,18,22,5,6,0,10,no data,10,14,13,5,2,20,7,7,10,6,8,14,14,7,1,0,7,3,26,3,14,1,12,1,9,10,4,2,28,4,21,14,80,13
19/07/2017,7,2,14,14,8,10,2,5,9,9,6,10,6,1,9,9,12,8,9,12,15,7,8,6,1,8,2,12,3,6,1,10,1,5,1,1,2,6,0,12,9,35,7
21/07/2017,10,2,12,28,8,17,0,5,9,11,6,13,5,1,10,6,10,7,13,20,14,11,5,4,1,10,2,28,13,10,1,18,1,10,5,3,2,32,3,12,8,51,13
24/07/2017,7,3,8,10,6,10,0,6,9,7,12,14,0,1,12,2,2,6,5,10,8,10,2,1,0,5,2,27,6,8,3,8,0,8,4,2,4,13,2,2,4,47,7
26/07/2017,4,2,7,5,2,5,0,1,6,4,6,13,5,1,3,2,4,5,3,3,3,1,3,2,0,2,1,11,1,8,0,5,2,4,3,2,2,7,2,41,2,8,1
17/09/2018,0,3,0,0,1,1,1,0,0,0,0,0,0,0,0,0,0,0,0,0,0,0,0,0,0,0,1,0,0,0,0,0,0,0,1,0,0,0,0,0,0,0,0
19/09/2018,0,2,0,0,0,0,0,0,0,0,1,0,0,0,0,0,0,0,1,1,0,1,1,0,0,1,0,0,1,2,0,0,0,0,0,0,0,0,1,0,1,0,0
21/09/2018,0,2,1,0,0,0,0,0,0,0,0,0,0,0,0,0,0,0,0,0,0,2,0,0,0,0,0,0,0,0,0,0,0,0,0,0,0,0,1,0,0,1,1
26/09/2018,0,2,1,1,0,0,1,0,0,0,0,0,0,0,0,0,0,0,0,1,0,0,0,0,1,0,0,0,0,2,0,0,0,0,0,0,0,0,0,no data,0,0,0
24/09/2018,0,3,0,0,0,0,0,0,0,0,0,0,0,0,0,0,0,0,0,0,0,0,1,0,0,0,0,0,0,0,0,0,0,0,0,0,0,0,0,1,0,0,0
28/09/2018,0,2,0,0,0,0,0,0,0,0,0,0,0,0,0,0,no data,0,0,0,0,0,0,0,0,0,0,0,0,0,0,0,0,0,0,0,0,0,0,0,0,0,0
17/05/2019,0,2,0,0,0,0,0,0,0,0,0,0,0,0,0,0,0,0,0,0,0,0,0,0,0,0,0,no data,0,0,0,0,0,0,0,0,0,0,0,0,0,0,0
13/05/2019,0,3,0,0,0,1,0,0,0,0,0,0,0,0,0,0,0,0,0,1,0,0,0,0,0,0,0,1,0,0,0,0,0,0,0,2,0,0,0,1,1,2,0
15/05/2019,0,2,1,0,0,0,0,0,0,0,1,0,0,0,0,0,0,0,0,0,0,0,1,0,0,0,1,1,0,0,0,1,0,0,1,1,0,1,0,2,0,0,0
06/05/2019,0,3,0,0,0,0,0,0,0,0,0,0,0,0,0,0,0,0,0,0,0,0,0,0,0,0,0,0,0,0,0,0,0,0,0,1,0,0,0,0,0,0,0
08/05/2019,0,2,0,0,0,0,0,0,0,0,0,0,1,0,0,0,0,0,0,0,0,0,0,0,0,0,0,0,0,0,0,0,0,0,0,0,0,no data,0,0,0,0,0
01/05/2019,0,2,0,0,0,0,0,0,0,0,0,0,0,0,0,0,0,0,0,0,0,1,0,0,0,0,0,0,0,no data,0,0,0,0,0,0,no data,0,0,0,0,0,0
10/05/2019,0,2,0,0,0,0,0,0,0,0,0,0,0,0,0,0,0,0,0,0,0,0,0,0,0,0,0,0,0,0,0,0,0,0,0,0,0,0,0,0,0,0,0
03/05/2019,0,2,0,0,0,0,0,0,0,0,1,0,1,0,0,0,0,0,0,0,0,0,0,0,0,0,0,0,0,0,0,0,0,0,1,0,0,no data,0,1,0,0,0
22/05/2019,0,5,0,0,0,0,0,0,0,0,0,0,0,0,0,0,0,0,0,0,0,0,0,no data,0,0,0,0,0,0,0,0,0,0,0,0,0,0,0,0,1,0,0
24/05/2019,0,2,0,0,0,0,1,0,0,0,1,1,0,0,0,0,0,0,0,0,0,0,0,0,0,0,0,0,1,0,0,0,0,0,1,2,0,1,0,1,1,1,0
27/05/2019,0,3,0,0,0,0,0,0,0,0,0,0,0,0,0,0,0,0,0,0,0,0,0,0,0,0,0,0,1,0,0,0,0,0,0,0,0,0,0,0,0,0,0
05/06/2019,0,2,0,0,0,1,1,0,2,1,0,0,0,0,0,1,1,0,1,0,0,2,0,0,1,1,1,0,1,0,0,1,0,0,1,1,1,1,0,1,2,1,1
31/05/2019,0,2,0,0,0,0,0,0,1,0,0,0,0,0,1,0,1,0,0,0,0,0,1,0,0,0,1,0,1,0,0,1,0,0,0,1,1,0,0,0,0,0,0
29/05/2019,0,2,1,0,0,0,1,0,0,0,1,1,0,0,0,0,0,0,0,0,0,0,0,0,0,0,0,0,0,0,0,0,0,0,1,1,2,0,1,0,1,0,0
03/06/2019,0,3,0,0,0,0,0,0,0,0,1,0,0,0,0,0,0,0,0,0,0,0,0,0,0,0,0,0,0,0,0,0,0,0,1,1,0,0,0,0,0,0,1
07/06/2019,3,2,6,4,1,6,6,0,11,5,4,4,7,1,1,2,1,3,2,1,1,1,4,0,0,1,4,7,3,0,1,1,3,3,17,44,14,1,1,1,3,5,1
10/06/2019,2,3,0,2,1,3,2,1,7,2,1,1,0,0,0,2,1,1,2,1,0,2,1,no data,3,2,0,2,2,0,1,13,4,3,2,9,1,1,9,4,1,2,0
12/06/2019,4,2,2,5,7,12,6,0,9,6,4,2,4,1,1,2,6,3,2,2,0,6,4,2,6,3,0,7,11,0,1,14,9,6,5,9,4,2,5,11,12,4,1
14/06/2019,7,2,7,7,1,24,10,1,12,9,4,1,9,0,3,9,3,4,2,3,6,11,3,3,8,5,5,18,19,1,1,19,7,10,18,17,no data,4,2,7,5,14,6
17/06/2019,2,3,2,4,2,1,3,0,9,3,2,0,0,0,0,3,1,1,0,1,2,2,2,0,3,1,1,0,1,0,0,4,0,1,3,7,2,1,2,4,1,4,2
19/06/2019,2,2,2,0,1,3,5,0,6,2,3,0,3,1,2,2,1,2,2,2,3,2,4,0,3,2,1,1,1,0,0,3,0,1,3,4,1,1,0,13,1,5,1
21/06/2019,2,2,3,1,4,3,5,0,7,3,2,1,0,0,1,1,no data,1,1,1,3,0,3,0,1,1,2,2,2,0,1,2,0,1,2,6,2,1,2,6,1,6,3
24/06/2019,2,3,1,2,3,2,6,0,5,3,3,1,2,0,0,2,1,1,2,8,4,2,4,1,2,3,1,2,2,0,1,7,0,2,3,4,1,1,1,11,2,5,9
26/06/2019,3,2,1,0,6,7,5,0,5,3,4,1,3,0,0,4,3,2,3,11,7,2,11,0,3,5,1,2,3,1,2,6,1,2,3,3,1,3,3,41,2,7,3
03/07/2019,2,5,2,0,1,2,1,0,7,2,3,0,2,0,1,0,0,1,0,8,2,6,5,2,0,3,1,4,2,0,0,20,0,4,1,1,1,1,1,9,4,3,1
28/06/2019,3,2,1,2,7,5,5,1,1,3,4,2,5,1,2,4,2,3,1,10,5,6,11,2,5,6,1,1,1,0,1,8,0,2,1,1,0,1,1,20,1,7,3
05/07/2019,3,2,3,2,5,4,1,0,1,2,4,0,1,0,2,1,1,1,2,15,6,3,6,1,2,5,0,2,3,0,1,15,1,3,0,3,1,2,0,8,18,3,1
08/07/2019,3,3,3,2,7,9,8,0,6,5,1,no data,1,1,0,1,1,1,3,4,2,5,no data,1,2,3,1,5,4,1,0,20,0,4,1,4,1,3,0,10,3,5,1
10/07/2019,3,2,5,1,2,5,5,0,3,3,2,1,3,1,0,2,1,1,3,2,2,4,5,0,2,3,1,5,5,0,0,15,1,4,0,2,0,3,1,16,14,6,1
12/07/2019,6,2,3,2,13,15,22,1,12,10,2,3,11,2,1,3,2,3,3,9,15,9,5,1,4,7,4,10,8,2,1,2,1,4,2,5,7,1,3,6,5,10,0
15/07/2019,4,3,1,2,9,25,11,1,7,8,0,1,1,0,0,1,2,1,4,14,4,8,3,0,1,5,1,10,7,1,1,7,0,4,1,6,4,5,4,13,7,14,1
16/07/2019,8,1,2,2,19,16,19,1,21,11,4,9,6,1,0,7,4,4,3,35,11,6,17,0,8,11,0,7,15,0,1,9,0,5,0,4,1,1,11,19,1,18,1
17/07/2019,6,1,1,4,11,18,10,0,30,11,1,4,4,0,1,6,4,3,11,21,4,6,17,3,5,10,0,2,2,0,0,6,1,2,2,8,3,2,1,14,3,22,0
18/07/2019,4,1,2,1,3,16,2,0,11,5,0,3,5,2,0,1,4,2,5,20,12,5,6,3,4,8,1,3,1,0,0,10,0,2,0,3,8,3,3,10,2,9,2
19/07/2019,10,1,1,3,4,48,11,1,15,12,6,0,18,1,2,3,17,7,1,41,38,10,17,2,1,16,6,11,4,0,5,23,2,7,1,12,44,7,no data,55,14,33,3
20/07/2019,14,1,9,2,4,21,8,0,47,13,6,1,8,1,5,12,16,7,12,36,47,8,15,8,2,18,7,13,10,0,1,88,3,17,6,12,14,20,50,56,12,36,1
21/07/2019,15,1,3,6,7,22,11,2,no data,9,3,3,17,1,0,15,10,7,12,44,20,82,29,6,6,28,6,9,14,1,7,74,5,17,2,8,11,12,13,120,12,99,1
22/07/2019,27,1,9,16,30,64,35,1,100,36,18,22,50,2,1,30,33,22,12,100,33,53,49,6,7,37,3,7,11,7,4,48,2,12,1,19,17,34,34,134,39,89,2
23/07/2019,61,1,39,14,31,160,53,1,200,71,11,28,85,13,7,76,77,42,45,134,64,124,212,17,32,90,48,44,20,2,9,160,14,42,15,63,35,118,53,568,87,189,0
24/07/2019,66,1,36,6,12,160,64,3,188,67,13,35,36,13,7,69,68,34,69,264,94,126,182,28,51,116,21,39,21,3,7,220,12,46,6,68,49,112,67,760,27,180,10
25/07/2019,32,1,22,4,12,51,15,4,134,35,20,27,15,6,5,26,18,17,11,62,20,82,118,7,25,46,1,158,15,0,1,no data,6,30,12,78,0,64,38,592,109,122,14
29/07/2019,20,1,7,3,11,18,9,1,42,13,19,12,4,1,3,8,3,7,23,47,12,56,21,3,2,23,1,12,11,2,2,212,2,35,4,2,2,21,10,120,35,58,3
09/08/2017,3,5,no data,2,3,8,0,5,6,4,6,8,no data,0,4,0,no data,4,3,3,4,0,1,3,0,2,no data,6,1,2,no data,2,0,2,4,2,0,no data,0,1,no data,2,2
31/07/2017,7,3,6,8,4,10,0,3,28,8,10,12,15,1,4,1,6,7,no data,6,4,7,2,3,0,4,3,37,1,5,0,no data,1,8,19,10,0,16,4,15,7,17,3
28/07/2017,7,2,4,8,3,10,0,10,12,7,15,16,7,4,10,14,10,11,5,7,11,4,9,3,1,6,1,20,4,4,2,8,0,6,11,no data,1,9,6,11,4,10,2
04/08/2017,3,2,4,5,2,9,1,1,3,4,2,11,10,1,3,0,1,4,3,5,6,2,2,1,0,3,0,3,1,7,2,3,0,2,1,3,1,0,3,1,0,3,2
02/08/2017,6,2,8,18,1,9,1,4,10,7,14,21,15,0,9,4,7,10,5,2,5,0,2,0,0,2,1,13,3,no data,2,1,0,3,11,1,0,7,0,1,1,5,7
11/08/2017,3,2,6,3,5,4,0,5,2,4,4,7,8,0,no data,no data,no data,5,1,2,4,0,0,2,0,1,0,3,2,13,2,0,1,3,3,2,0,6,1,1,0,2,1
14/08/2017,3,3,1,6,5,11,0,2,3,4,4,12,8,0,6,1,3,5,1,4,3,1,2,1,0,2,2,4,0,6,2,0,0,2,3,2,1,5,1,1,3,4,2
16/08/2017,4,2,3,7,2,10,1,9,5,5,3,15,10,1,4,2,1,5,1,1,2,1,2,2,0,1,3,10,1,6,1,2,1,3,8,1,1,15,0,7,5,4,2
18/08/2017,1,2,3,4,0,2,0,4,1,2,3,4,4,1,1,1,2,2,1,0,0,0,1,0,no data,0,0,2,no data,3,no data,0,0,1,2,1,0,5,0,0,1,3,0
21/08/2017,3,3,5,2,2,6,1,2,3,3,3,9,10,0,3,1,4,4,2,2,4,1,1,1,0,2,0,10,2,4,0,1,0,2,4,1,1,13,0,2,4,5,0
25/08/2017,1,2,0,3,1,0,4,1,3,2,3,3,1,1,0,0,1,1,1,0,1,2,2,0,0,1,1,0,1,1,4,2,0,1,3,32,1,1,0,1,0,2,2
28/08/2017,3,3,3,no data,4,6,7,4,5,5,7,4,6,1,no data,1,1,3,2,1,1,2,1,0,0,1,2,2,4,5,1,no data,0,2,8,10,0,2,1,3,0,4,no data
23/08/2017,1,2,1,2,2,1,1,2,1,1,4,4,3,0,3,1,1,2,3,0,3,2,2,1,0,2,0,1,0,1,0,0,0,0,1,0,0,3,2,0,0,no data,1
30/08/2017,3,2,6,0,2,5,8,2,7,4,9,5,2,2,7,1,0,4,2,3,1,7,2,0,0,2,2,8,5,7,1,1,0,3,5,12,0,1,1,2,1,8,3
01/09/2017,2,2,3,3,3,1,1,0,3,2,0,1,2,no data,1,0,1,1,1,2,2,no data,2,1,0,1,0,6,1,4,0,3,0,2,3,4,0,0,0,1,1,6,1
08/09/2017,1,2,5,15,5,1,1,1,1,4,0,1,0,0,0,0,0,0,0,0,0,0,1,0,0,0,2,1,1,3,0,0,1,1,3,0,0,0,0,0,0,1,0
06/09/2017,1,5,2,3,1,no data,3,1,0,2,1,0,1,0,0,0,0,0,0,0,0,1,2,0,0,0,1,1,0,0,1,0,0,0,no data,0,0,0,0,0,0,1,0
11/09/2017,1,3,2,8,no data,2,no data,0,2,3,2,1,2,1,1,1,0,1,1,no data,0,no data,no data,0,0,0,0,no data,4,2,0,3,0,2,8,3,0,no data,no data,no data,2,14,1
25/09/2017,0,3,no data,4,0,0,0,0,0,1,0,0,0,0,0,0,1,0,0,0,0,0,0,0,0,0,0,0,0,0,0,0,0,0,1,0,0,0,0,1,0,2,0
22/09/2017,1,2,4,6,1,1,1,0,1,2,1,1,3,0,3,0,1,1,1,1,0,1,1,0,0,1,2,1,0,2,0,0,0,1,3,4,0,2,0,3,1,no data,1
18/09/2017,1,3,3,5,1,0,0,no data,0,2,0,0,0,0,0,0,1,0,1,1,0,0,0,0,0,0,0,0,1,0,0,2,0,0,5,1,0,2,0,0,0,0,1
15/09/2017,0,2,1,0,1,1,2,0,0,1,0,0,1,0,0,0,0,0,0,0,0,0,0,0,0,0,3,1,2,1,0,0,0,1,3,0,0,0,0,0,0,0,1
20/09/2017,1,2,1,11,2,0,1,1,1,2,3,0,0,1,1,0,1,1,0,1,0,2,1,0,0,1,2,1,0,1,0,0,0,1,6,1,1,1,0,1,0,0,1
13/09/2017,2,2,6,8,4,5,3,1,1,4,1,0,1,0,1,0,1,1,1,1,0,2,0,no data,0,1,3,3,2,7,1,0,2,3,9,8,0,1,0,2,3,2,4
29/09/2017,0,2,2,4,1,0,0,0,0,1,1,0,0,0,0,0,no data,0,0,0,0,0,0,0,0,0,0,0,1,0,1,0,1,0,1,0,0,1,1,0,0,1,0
27/09/2017,0,2,1,1,0,0,0,0,0,0,0,0,0,0,1,0,0,0,0,0,0,0,0,0,0,0,1,0,1,0,0,0,0,0,2,0,0,0,0,1,0,0,0
11/05/2018,0,2,0,no data,0,0,0,0,0,0,0,0,0,0,0,0,0,0,0,0,0,0,0,0,0,0,0,0,0,0,0,0,0,0,0,0,0,0,0,0,0,0,0
04/05/2018,0,2,1,no data,0,2,0,0,2,1,0,0,1,0,0,1,0,0,1,0,1,1,0,0,0,0,0,2,1,0,0,0,0,0,4,1,0,1,0,2,0,1,1
09/05/2018,0,2,2,no data,0,0,1,0,1,1,0,1,0,0,0,0,0,0,0,0,0,0,0,0,1,0,1,0,0,0,0,1,0,0,0,1,0,2,0,1,0,1,0
02/05/2018,0,2,0,no data,0,0,0,0,0,0,0,0,0,0,0,0,0,0,0,1,0,0,0,0,0,0,0,0,0,0,0,0,0,0,0,0,1,0,0,0,0,0,0
07/05/2018,0,3,1,no data,0,1,1,0,1,1,0,1,0,0,0,0,0,0,0,0,0,0,0,0,1,0,1,0,0,1,0,0,0,0,1,0,0,1,1,1,1,1,2
06/06/2018,2,2,1,2,3,8,2,0,0,2,1,1,1,0,2,1,3,1,1,2,2,2,6,1,3,2,1,0,2,9,1,2,0,2,5,1,2,3,0,16,16,14,8
30/05/2018,1,2,0,no data,1,2,2,1,0,1,2,1,1,0,2,1,0,1,1,1,1,2,1,1,3,1,0,1,no data,2,0,3,0,1,0,0,2,3,1,4,2,2,1
04/06/2018,1,3,0,1,1,1,1,0,1,1,1,1,1,1,2,0,1,1,2,3,1,1,1,1,3,2,1,0,0,1,0,1,1,1,1,0,0,1,0,5,0,2,2
25/05/2018,1,3,0,no data,no data,1,0,0,2,1,1,1,0,0,2,1,0,1,4,2,0,0,2,0,3,2,0,0,0,3,0,3,0,1,1,1,0,2,0,3,1,4,0
08/06/2018,3,2,2,5,3,6,3,1,2,3,9,4,2,2,0,2,1,3,3,5,2,4,3,1,5,3,1,1,1,6,1,12,1,3,4,1,2,7,1,no data,18,17,78
22/05/2018,0,4,0,no data,0,0,0,0,0,0,1,0,1,0,0,0,0,0,0,0,1,0,0,0,0,0,1,1,0,1,0,0,0,0,1,2,0,1,0,2,1,1,1
01/06/2018,1,2,1,no data,1,3,1,0,2,1,2,1,0,0,1,1,0,1,0,0,1,1,1,1,1,1,no data,3,3,1,0,1,1,2,1,2,1,1,1,5,7,3,1
16/05/2018,0,2,0,0,0,0,0,0,0,0,0,1,0,0,0,0,1,0,0,0,0,0,0,0,0,0,no data,0,0,0,0,0,0,0,1,0,1,1,0,0,0,0,1
28/05/2018,1,3,1,no data,2,2,2,0,2,2,1,1,0,0,0,0,1,0,1,2,0,0,1,0,0,1,0,1,2,2,0,2,0,1,1,0,0,0,0,1,1,2,2
11/06/2018,1,3,1,3,1,2,0,0,no data,1,2,1,3,1,1,no data,1,2,2,1,1,2,1,1,1,1,0,2,0,5,no data,3,0,2,3,2,0,5,1,12,15,73,65
14/05/2018,0,3,1,no data,0,1,0,0,0,0,0,0,0,0,1,0,0,0,0,0,0,0,0,0,0,0,0,0,0,0,0,0,0,0,1,0,1,0,0,0,1,0,0
18/05/2018,0,2,0,no data,0,0,0,0,0,0,0,0,0,0,0,0,1,0,0,0,0,0,1,0,0,0,no data,1,2,0,0,no data,0,1,1,1,0,0,0,0,1,1,0
15/06/2018,3,2,6,3,no data,5,3,1,no data,4,no data,1,2,2,5,9,0,3,2,4,4,1,3,1,2,2,no data,3,9,11,0,6,0,5,12,9,0,6,1,4,no data,31,17
13/06/2018,3,2,2,4,4,6,11,0,no data,5,5,0,3,1,1,3,1,2,2,5,5,2,3,1,4,3,0,2,1,3,0,6,0,2,8,1,0,6,4,2,1,19,19
18/06/2018,11,3,19,14,15,22,4,6,8,13,5,4,4,1,5,11,0,4,3,5,3,6,2,1,no data,3,85,14,31,17,1,13,2,23,47,6,5,8,4,no data,8,81,61
20/06/2018,11,2,21,29,14,19,23,12,8,18,17,5,18,2,8,7,5,9,6,7,12,9,12,2,no data,8,26,10,14,7,4,12,4,11,52,11,7,9,4,no data,43,40,47
22/06/2018,12,2,10,31,16,11,20,17,14,17,7,4,18,5,15,10,no data,10,4,7,8,4,9,2,no data,6,17,22,36,11,1,10,4,14,58,14,6,26,1,22,104,93,53
25/06/2018,5,3,12,9,3,8,5,7,8,7,8,3,4,1,4,4,1,4,3,1,1,2,3,1,no data,2,9,4,9,12,0,2,0,5,33,6,0,8,1,4,8,46,6
26/07/2019,104,1,14,7,25,20,25,4,276,53,28,39,45,15,8,89,26,36,144,276,65,176,174,20,77,133,7,96,21,2,10,1200,12,193,17,306,66,125,50,736,63,208,1
28/07/2019,108,1,45,4,26,148,40,1,208,67,37,70,21,42,6,32,19,32,92,338,70,268,141,14,77,143,8,71,16,1,13,1192,12,188,8,60,57,106,39,368,29,120,37
30/07/2019,12,1,4,2,19,13,49,1,27,16,1,4,25,1,4,8,27,10,7,29,18,14,7,12,4,13,5,2,1,0,6,48,6,10,0,2,6,9,7,20,1,7,0
19/08/2019,13,3,3,2,5,19,0,0,53,12,8,6,5,1,4,5,0,4,11,31,7,34,16,3,6,15,1,10,5,1,0,128,5,21,1,10,5,16,3,65,4,22,2
22/05/2020,0,2,0,0,0,1,0,0,0,0,1,1,0,0,0,0,1,0,0,1,0,0,0,no data,0,0,0,2,1,0,0,1,0,1,1,1,0,2,0,1,0,0,0
20/05/2020,0,5,0,0,0,0,0,0,1,0,1,0,0,0,0,0,no data,0,0,0,0,0,0,no data,0,0,0,1,0,0,0,1,0,0,0,no data,0,1,1,1,1,1,0
15/05/2020,0,2,0,0,0,0,0,0,0,0,0,0,0,0,0,0,no data,0,0,1,1,0,0,no data,0,0,0,1,1,0,0,0,0,0,1,1,0,0,1,0,0,1,0
03/06/2020,11,2,11,9,16,28,7,1,22,13,9,15,8,1,3,3,21,9,5,5,6,13,2,2,6,6,9,28,31,1,1,46,no data,19,12,15,7,11,9,7,22,82,6
27/05/2020,1,2,1,0,1,2,1,1,1,1,1,0,0,0,0,0,3,1,1,1,1,0,0,0,0,0,1,2,2,0,0,0,1,1,0,6,1,1,0,0,1,1,5
08/05/2020,0,2,0,0,0,0,0,0,0,0,0,0,0,0,0,0,no data,0,0,1,0,0,0,no data,0,0,0,0,0,0,0,0,0,0,0,0,0,0,0,0,0,0,0
06/05/2020,1,2,3,0,0,1,0,0,0,1,0,2,0,0,0,1,no data,1,1,1,1,0,0,no data,0,1,1,2,3,1,0,2,1,1,0,0,0,no data,0,2,0,0,0
25/05/2020,1,3,2,0,1,0,0,0,0,0,1,1,1,0,1,0,5,1,1,0,0,0,0,1,0,0,0,2,3,0,0,2,0,1,2,6,0,1,0,0,1,0,1
29/05/2020,1,2,1,1,1,0,0,0,1,1,2,2,0,0,1,1,2,1,0,0,1,1,1,0,0,0,0,1,0,0,0,3,0,1,1,1,0,1,0,0,0,1,0
11/05/2020,0,3,0,0,0,0,0,0,0,0,0,0,0,0,0,0,no data,0,0,0,0,0,0,no data,0,0,0,0,0,0,0,0,0,0,0,0,0,no data,0,0,0,0,0
04/05/2020,0,3,1,0,0,1,0,0,0,0,0,0,0,0,0,0,no data,0,0,no data,1,2,0,no data,0,1,0,1,0,0,0,1,0,0,1,0,0,0,1,4,0,1,0
13/05/2020,0,2,0,0,0,1,0,0,0,0,0,0,0,0,0,0,no data,0,0,0,0,0,0,no data,0,0,0,0,0,0,0,0,0,0,0,0,0,0,0,0,0,0,0
01/06/2020,1,3,1,0,1,1,0,0,1,1,1,0,1,0,1,1,1,1,1,0,0,2,0,1,0,1,0,0,1,0,0,3,0,1,2,1,0,1,0,2,2,2,0
05/06/2020,2,2,8,no data,5,13,4,0,14,7,2,1,1,0,1,0,1,1,2,0,0,2,1,1,0,1,0,8,2,0,0,0,0,1,11,6,2,1,0,1,1,10,3
08/06/2020,1,3,1,1,2,1,4,0,8,2,2,2,0,0,0,0,1,1,1,1,0,1,0,0,1,1,0,1,1,0,0,0,0,0,5,2,0,1,0,1,2,3,1
10/06/2020,2,2,1,4,2,6,2,1,8,3,7,3,1,0,0,1,4,2,no data,2,0,3,1,0,2,1,1,1,3,0,0,0,0,1,2,2,1,8,0,1,4,6,12
12/06/2020,1,2,1,1,3,3,1,2,3,2,1,1,1,0,0,no data,1,1,no data,2,1,1,0,0,1,1,2,1,0,0,1,1,2,1,1,2,0,2,1,1,3,1,2
15/06/2020,2,3,1,3,5,1,2,1,13,4,4,2,1,0,2,2,2,2,2,1,0,4,0,1,1,1,1,1,1,0,0,1,0,1,3,2,0,3,1,1,16,4,2
19/06/2020,3,2,5,2,6,1,2,0,7,3,10,4,0,1,1,3,5,3,4,2,4,2,2,4,1,3,1,5,7,2,1,1,2,3,3,2,2,6,4,4,15,6,3
17/06/2020,5,2,9,0,8,9,4,1,14,6,14,10,4,2,4,4,7,6,8,5,2,6,1,5,3,4,2,8,7,1,1,4,3,4,7,4,1,25,4,5,14,15,9
22/06/2020,4,3,5,4,9,6,6,0,10,6,7,7,4,0,5,4,8,5,5,2,3,1,2,3,3,3,6,3,9,0,no data,2,2,4,6,13,5,6,8,1,34,6,12
24/06/2020,4,2,5,3,10,12,6,1,4,6,4,4,0,1,2,4,13,4,2,7,6,3,3,7,2,4,2,1,3,1,2,2,2,2,8,8,7,5,4,0,9,6,6
26/06/2020,18,2,21,9,32,28,24,1,43,23,15,13,34,6,22,17,63,24,2,19,16,20,8,12,7,12,0,14,65,1,3,4,4,13,10,23,7,12,15,16,53,27,14
30/06/2020,101,1,114,52,45,31,25,3,126,57,256,53,49,9,10,44,114,76,79,96,24,192,49,67,16,75,13,210,1056,3,8,64,9,195,208,74,8,380,6,64,236,216,17
29/06/2020,71,3,108,no data,39,93,13,4,189,74,173,68,40,11,73,49,181,85,66,71,52,163,35,109,34,76,3,221,65,3,5,49,8,51,no data,72,4,136,9,139,205,155,34
02/07/2020,44,1,42,21,36,102,18,13,38,39,132,45,22,13,16,18,134,54,65,49,48,86,31,19,9,44,3,51,164,5,3,31,8,38,124,73,12,40,9,20,20,42,10
01/07/2020,89,1,67,15,32,55,41,8,91,44,132,220,6,no data,16,56,252,114,58,62,34,114,18,9,15,44,no data,186,816,3,1,8,9,171,200,130,30,136,2,62,160,144,43
03/07/2020,59,1,53,21,25,124,25,8,97,50,214,36,16,12,16,31,72,57,58,70,89,60,15,29,14,48,2,118,420,4,2,28,6,83,122,118,102,168,7,88,150,100,15
04/07/2020,52,1,45,9,37,58,22,15,154,49,98,110,29,12,12,41,75,54,58,49,52,69,27,10,5,39,3,68,336,6,4,30,11,65,148,65,7,91,6,27,37,106,16
06/07/2020,25,1,28,12,22,27,10,8,25,19,86,66,14,7,6,30,76,41,32,33,30,36,19,22,8,26,3,33,41,2,2,5,4,13,3,18,10,30,19,13,17,41,14
05/07/2020,26,1,19,15,20,30,8,5,35,19,94,35,18,1,6,86,43,40,34,20,18,35,16,12,13,21,3,36,98,1,0,10,2,21,46,62,3,66,7,21,21,34,4
07/07/2020,23,1,33,6,29,18,28,9,49,25,66,83,23,9,4,39,26,36,41,8,21,36,15,4,1,18,17,24,41,1,3,1,6,13,13,16,5,37,3,4,28,33,33
08/07/2020,23,1,22,10,14,23,8,4,96,25,82,86,14,2,6,1,77,38,32,13,11,26,12,7,3,15,2,50,43,1,0,3,0,14,78,20,7,75,5,31,40,30,7
09/07/2020,22,1,14,4,13,51,16,0,100,28,55,102,9,9,4,no data,25,34,34,15,28,17,6,9,2,16,0,46,41,0,1,4,1,13,35,40,2,56,6,12,30,58,13
10/07/2020,41,1,35,5,17,162,25,6,48,43,122,148,25,7,9,45,220,82,24,26,44,36,23,4,3,23,0,22,27,1,no data,1,9,10,12,17,34,32,3,11,29,26,50
13/07/2020,66,3,96,17,45,251,37,9,128,83,136,240,25,7,11,46,80,78,67,84,65,108,26,38,9,57,12,112,155,4,6,16,7,45,31,149,14,67,30,72,128,683,88
14/07/2020,15,1,30,7,5,54,16,2,98,30,6,41,5,1,4,9,11,11,8,9,8,21,no data,7,2,9,7,10,23,1,no data,2,11,9,no data,8,14,16,6,14,12,26,43
15/07/2020,15,1,17,10,19,16,18,0,120,29,23,38,9,3,4,7,4,13,4,21,7,47,5,4,2,13,3,15,20,1,4,3,4,7,23,3,4,29,5,10,4,34,18
16/07/2020,48,1,36,17,36,172,56,0,150,67,67,107,22,13,10,42,156,60,64,20,28,43,17,21,5,28,34,60,122,4,11,8,14,36,280,81,55,188,24,96,116,196,232
17/07/2020,50,1,66,10,20,188,48,5,97,62,110,86,27,9,21,54,77,55,90,32,61,100,30,19,12,49,22,72,118,3,16,5,4,34,272,73,17,224,11,49,41,216,106
27/06/2018,5,2,2,12,5,3,2,2,8,5,21,3,8,2,5,4,3,7,8,3,2,6,7,2,no data,5,6,7,10,11,0,5,1,6,13,13,1,11,1,7,8,47,10
29/06/2018,15,2,10,29,9,18,19,27,15,18,40,17,19,1,9,9,5,14,12,10,9,13,15,5,no data,11,13,5,38,33,0,24,2,16,60,43,3,20,3,11,35,134,30
04/07/2018,10,5,9,17,5,21,19,12,9,13,22,10,no data,1,8,7,4,9,6,7,7,8,14,2,no data,7,6,5,12,22,2,24,2,10,41,12,3,14,2,10,9,49,13
06/07/2018,10,2,9,no data,6,40,6,8,8,13,7,12,16,3,10,8,3,8,18,6,11,6,17,2,no data,10,19,4,10,15,1,23,4,11,no data,6,10,20,0,12,2,33,25
09/07/2018,13,3,8,14,3,35,10,13,14,14,25,2,10,0,8,10,5,9,5,3,10,14,18,3,no data,9,8,13,40,14,4,51,3,19,33,16,8,no data,6,27,11,155,49
11/07/2018,20,2,7,17,10,33,22,22,25,19,42,no data,14,2,6,10,5,13,12,21,13,27,15,4,10,15,13,10,50,69,5,84,5,34,134,102,12,55,3,76,23,184,51
13/07/2018,10,2,10,6,8,11,5,3,5,7,15,21,9,3,3,5,9,9,7,9,3,16,21,2,8,9,no data,no data,22,9,0,46,16,19,18,7,2,35,5,114,6,50,34
16/07/2018,9,3,3,4,4,21,6,6,6,7,35,11,6,1,4,9,3,10,5,5,no data,12,14,2,5,7,5,3,10,13,4,29,4,10,33,23,6,56,7,52,6,65,57
18/07/2018,6,2,2,no data,7,11,10,2,6,6,13,6,4,0,5,7,4,6,12,4,7,9,3,2,7,6,3,0,9,5,4,12,2,5,11,9,11,16,2,18,2,18,11
20/07/2018,5,2,5,no data,3,7,4,3,3,4,7,3,2,1,5,3,2,3,9,4,8,11,8,2,10,7,3,4,8,8,2,20,3,7,10,8,9,28,5,40,18,23,8
23/07/2018,7,3,2,10,11,9,12,10,5,8,9,6,8,0,9,9,3,6,7,3,7,4,7,no data,13,7,7,3,13,14,0,8,1,7,19,11,8,16,3,21,6,19,10
27/07/2018,3,2,3,6,7,4,4,5,4,5,4,0,4,1,1,1,0,2,no data,2,1,1,7,1,13,4,no data,2,7,no data,1,1,2,3,4,0,3,3,1,4,2,12,5
25/07/2018,5,2,4,8,3,7,4,7,7,6,11,11,5,0,5,3,3,5,2,3,6,4,2,0,7,3,18,1,8,6,1,6,2,6,15,4,3,11,7,25,2,9,5
30/07/2018,4,3,2,11,2,3,9,5,2,5,14,4,4,0,1,0,5,4,2,2,2,3,6,1,11,4,5,2,5,12,0,2,2,4,7,5,3,13,1,5,7,10,2
03/08/2018,4,2,1,9,no data,6,8,4,6,6,18,2,3,1,2,2,2,4,3,2,3,2,2,3,2,2,3,7,4,10,1,4,1,4,1,8,2,29,0,2,4,6,7
01/08/2018,6,2,6,6,1,2,10,1,5,4,45,4,7,0,4,no data,5,11,2,1,1,5,10,5,1,4,3,5,14,13,1,8,1,6,8,13,18,54,4,11,7,16,13
08/08/2018,8,5,7,14,9,5,20,4,1,9,26,8,3,1,2,7,2,7,2,4,3,8,5,3,5,4,5,9,22,23,2,9,2,10,14,16,no data,20,2,33,17,18,13
10/08/2018,15,2,7,11,10,6,25,25,no data,14,160,9,no data,0,8,16,5,33,2,4,4,11,8,1,11,6,3,7,13,25,2,8,3,9,25,11,7,20,2,14,11,15,18
13/08/2018,7,3,6,15,3,5,13,8,5,8,17,5,12,0,2,6,2,6,0,1,2,7,9,1,4,3,3,18,25,16,2,7,2,10,20,18,3,42,1,18,12,23,5
15/08/2018,3,2,4,22,6,1,5,0,3,6,4,2,2,0,1,1,1,2,0,0,0,4,3,1,4,2,6,3,3,16,0,0,0,4,2,1,4,5,1,3,3,10,5
17/08/2018,7,2,5,31,5,1,8,0,7,8,14,12,4,0,3,6,2,6,2,1,1,4,4,2,2,2,7,7,15,32,1,9,3,11,13,10,1,13,2,22,7,16,8
22/08/2018,5,2,3,22,9,3,4,1,no data,7,13,9,3,0,2,4,3,5,1,4,4,8,4,2,5,4,8,3,9,no data,1,4,3,5,9,3,0,10,3,7,2,11,6
20/08/2018,6,3,3,33,8,1,9,2,5,9,13,no data,5,no data,1,3,1,5,0,2,1,2,3,0,1,1,5,8,14,32,0,2,0,9,4,16,1,12,1,7,no data,13,6
24/08/2018,7,2,3,28,8,5,11,1,3,8,15,12,4,0,0,3,2,5,0,3,1,10,5,1,3,3,10,5,no data,46,0,7,1,12,5,9,1,17,7,25,2,32,4
27/08/2018,3,3,1,6,6,1,9,1,1,4,4,1,1,0,0,1,0,1,0,0,1,1,2,0,2,1,4,2,8,18,0,0,0,5,1,1,0,3,0,1,0,7,2
29/08/2018,2,2,2,7,3,1,7,1,no data,4,3,2,1,0,1,1,1,1,0,0,2,2,0,1,4,1,1,1,3,15,0,2,0,3,1,2,1,1,1,2,1,6,2
31/08/2018,3,2,1,13,6,3,11,1,2,5,10,2,2,1,0,1,0,2,0,1,0,2,4,2,1,1,2,0,13,13,1,4,1,5,4,3,1,3,2,7,2,7,4
05/09/2018,2,5,0,4,2,3,7,0,1,2,0,0,0,0,0,1,1,0,0,1,1,0,3,0,1,1,1,3,6,19,0,1,0,4,0,0,0,1,1,4,7,14,2
07/09/2018,1,2,2,4,1,3,5,0,0,2,1,0,0,0,no data,0,0,0,1,1,0,1,1,0,0,1,2,1,2,9,0,0,0,2,0,0,0,0,2,2,0,4,1
10/09/2018,1,3,1,7,1,2,3,0,1,2,4,0,1,0,0,0,0,1,0,1,1,2,1,0,0,1,0,1,3,4,0,1,1,1,0,1,0,1,1,6,3,7,2
12/09/2018,1,2,1,6,no data,1,1,0,1,2,3,0,0,0,1,1,1,1,0,0,0,0,2,0,0,0,1,0,1,2,0,1,1,1,1,1,no data,0,0,0,1,6,2
14/09/2018,0,2,1,2,0,0,0,0,1,1,0,0,0,0,0,0,0,0,0,0,2,1,2,0,1,1,1,0,1,1,0,0,0,0,0,1,0,1,0,0,0,3,1
27/07/2019,94,1,11,9,38,168,55,1,352,91,20,45,95,18,7,92,67,49,154,188,75,146,268,19,58,130,11,68,12,2,13,632,4,106,8,40,22,35,62,552,89,124,7
31/07/2019,27,1,17,5,18,29,44,1,85,28,6,22,33,1,1,6,20,13,no data,134,35,63,74,7,14,55,7,6,8,0,3,75,21,17,2,22,21,21,14,71,7,39,8
02/08/2019,87,1,46,6,17,31,59,2,260,60,8,43,74,7,9,83,53,40,58,164,64,144,164,23,45,95,21,118,48,2,5,876,12,155,13,65,84,53,44,no data,592,160,6
03/08/2019,54,1,25,11,19,72,49,2,101,40,13,29,100,5,4,72,16,34,60,104,58,88,158,31,60,80,22,71,33,2,7,272,16,60,10,53,53,29,56,no data,314,160,3
01/08/2019,69,1,47,5,no data,96,49,1,108,51,27,35,37,6,1,40,10,22,57,183,72,152,102,20,78,95,16,102,24,3,5,584,12,107,13,64,190,105,63,488,112,132,28
04/08/2019,34,1,25,5,11,26,26,1,100,28,32,26,24,no data,4,14,18,20,35,54,27,68,40,5,30,37,2,65,18,1,0,240,8,48,5,4,0,104,37,832,47,125,1
05/08/2019,43,1,22,6,21,35,40,1,146,39,12,38,19,no data,7,47,9,22,27,82,32,44,82,13,23,43,11,45,34,6,10,332,15,65,2,7,2,43,54,452,22,74,4
07/08/2019,29,1,13,23,8,32,49,0,98,32,4,7,31,2,18,30,14,15,20,45,37,33,62,7,22,32,13,15,12,2,2,196,6,35,3,15,11,12,36,63,59,61,2
06/08/2019,32,1,11,13,11,13,79,0,106,33,3,31,44,3,4,98,26,30,21,115,21,33,94,6,19,44,6,10,4,0,3,122,9,22,5,10,2,22,17,264,22,31,2
08/08/2019,13,1,4,5,8,14,31,1,66,18,3,6,8,1,7,15,4,6,10,58,11,18,34,4,7,20,9,3,4,0,1,29,1,7,0,7,7,14,14,71,21,14,1
09/08/2019,16,1,1,9,11,9,57,0,86,25,1,3,14,1,11,8,2,6,11,59,17,18,22,5,10,20,12,1,1,1,2,62,6,12,0,7,no data,11,2,58,5,15,3
10/08/2019,26,1,13,2,7,46,56,1,83,30,20,13,18,0,5,17,6,11,31,164,31,45,31,5,12,46,0,15,4,1,2,100,12,19,1,30,9,26,8,198,15,53,5
12/08/2019,12,2,1,0,7,10,43,no data,54,19,1,3,15,2,13,10,7,7,7,30,13,10,20,4,11,14,1,4,1,0,1,46,3,8,2,8,4,3,4,74,4,6,0
13/08/2019,10,1,4,0,9,10,44,1,25,13,0,5,13,1,6,18,6,7,12,37,10,7,15,3,11,14,8,5,3,0,2,30,3,7,7,15,38,7,7,56,6,7,2
21/08/2019,10,2,4,3,10,19,0,1,57,13,1,3,9,1,11,3,3,4,6,25,14,16,10,6,6,12,1,9,3,0,1,59,7,11,2,8,10,4,6,39,15,9,1
20/07/2020,19,3,24,15,15,no data,17,3,107,30,33,37,11,4,11,15,9,17,9,18,14,36,12,13,3,15,9,38,36,6,7,6,11,16,59,21,41,47,3,49,17,72,35
05/05/2021,0,2,0,0,1,0,0,0,0,0,0,0,0,0,0,0,0,0,0,0,0,0,0,0,0,0,0,0,0,0,0,0,0,0,1,0,0,0,0,0,1,0,0
10/05/2021,0,3,0,0,0,0,0,0,0,0,0,0,0,0,0,0,0,0,0,0,0,0,0,0,0,0,0,0,0,0,0,0,0,0,no data,0,0,0,0,0,0,0,0
03/05/2021,0,3,0,0,0,0,0,0,0,0,0,0,0,0,0,0,0,0,0,0,0,0,0,1,0,0,0,0,0,0,0,0,0,0,0,1,0,0,0,0,0,0,0
07/05/2021,0,2,0,0,0,0,0,0,0,0,0,0,0,0,0,0,0,0,0,0,0,0,0,0,0,0,0,0,0,0,0,no data,0,0,no data,0,0,0,0,0,0,0,0
12/05/2021,0,2,1,0,1,1,0,1,1,1,0,0,1,0,0,0,0,0,0,0,1,0,0,1,0,0,0,0,0,0,0,0,0,0,no data,1,0,0,0,0,1,0,0
14/05/2021,1,2,0,1,2,1,0,1,1,1,2,3,1,0,2,1,4,2,1,1,2,2,1,2,1,1,0,1,0,0,0,1,1,0,no data,2,0,no data,0,3,1,0,1
17/05/2021,0,3,0,0,0,0,0,0,0,0,0,2,1,0,0,0,3,1,0,1,0,0,0,1,0,0,0,2,0,1,0,0,0,0,no data,3,4,2,0,0,2,0,1
19/05/2021,2,2,0,2,1,1,0,0,1,1,1,4,3,0,3,0,4,2,1,2,0,5,2,no data,0,2,0,6,10,0,0,5,0,3,no data,2,0,7,1,5,2,4,1
21/05/2021,1,2,0,0,1,1,0,0,3,1,0,1,2,0,2,1,2,1,1,1,1,1,1,no data,1,1,0,5,1,1,0,3,0,1,no data,1,0,2,0,1,6,4,1
25/05/2021,1,4,1,no data,1,2,0,0,2,1,2,1,no data,0,1,1,3,1,2,2,2,2,1,no data,1,2,1,4,2,1,0,3,1,2,no data,9,1,3,1,3,5,4,1
28/05/2021,0,3,0,0,0,0,0,0,0,0,0,0,0,0,0,0,0,0,0,0,0,0,0,0,0,0,0,0,0,0,0,0,0,0,0,0,0,0,0,1,0,0,0
31/05/2021,1,3,0,1,1,1,0,0,4,1,1,2,0,1,0,0,1,1,0,0,0,1,0,no data,1,0,0,3,3,0,0,1,0,1,no data,3,1,1,1,6,3,3,1
02/06/2021,2,2,1,1,2,4,2,1,4,2,2,3,2,1,2,3,11,3,2,1,3,4,2,1,0,2,1,8,2,1,0,4,1,2,2,11,5,5,3,2,8,7,1
04/06/2021,4,2,1,1,3,9,0,1,9,3,4,1,2,0,5,2,24,5,2,3,2,4,3,4,1,3,0,13,4,2,0,4,2,4,6,12,5,5,4,3,9,11,2
07/06/2021,1,3,1,0,0,2,0,0,2,1,8,2,1,0,0,0,2,2,1,0,2,2,1,1,1,1,0,0,2,0,0,3,2,1,1,5,0,4,0,5,5,4,1
09/06/2021,9,2,25,0,2,18,5,0,42,13,40,47,5,1,4,5,7,16,2,2,3,5,1,2,2,2,7,5,11,2,0,3,2,4,26,19,8,48,1,3,20,19,42
11/06/2021,3,2,8,2,2,4,1,2,13,5,8,10,3,1,2,2,3,4,2,1,3,3,2,1,1,2,1,2,7,0,1,2,1,2,6,5,2,4,0,1,4,3,15
14/06/2021,13,3,33,8,5,27,4,2,51,19,35,63,4,4,10,6,18,20,5,9,8,8,10,3,5,7,2,no data,14,1,1,13,4,6,16,10,4,35,3,7,17,41,12
16/06/2021,10,2,14,3,5,13,2,2,50,13,32,22,9,6,8,6,12,14,4,12,9,9,10,6,2,7,5,11,8,2,1,6,4,5,17,3,6,26,1,13,12,28,10
18/06/2021,16,2,53,11,9,20,3,0,56,22,50,67,6,0,7,4,17,22,no data,21,13,12,8,7,3,11,5,9,31,4,1,14,4,10,11,3,4,50,5,13,60,132,50
21/06/2021,8,3,15,6,6,10,1,0,36,11,27,37,3,1,9,2,8,12,4,16,5,7,6,3,1,6,4,6,9,0,0,6,1,4,15,2,1,15,2,7,31,69,35
23/06/2021,7,2,2,1,10,25,0,1,31,10,40,13,6,1,9,3,2,11,4,no data,3,8,13,7,1,6,2,7,3,1,0,6,2,3,34,8,2,24,2,25,15,64,16
25/06/2021,28,2,38,22,5,30,7,2,110,31,64,62,22,4,26,10,29,31,18,65,26,40,40,7,11,30,7,69,26,4,2,27,4,20,24,10,5,35,5,102,61,158,20
28/06/2021,15,3,4,4,7,6,6,2,34,9,57,45,14,7,12,9,13,22,9,11,19,35,22,3,3,15,3,20,24,1,1,35,1,12,12,7,1,53,6,38,30,49,10
30/06/2021,27,2,26,12,19,28,11,3,150,36,75,59,38,12,15,4,13,31,15,53,9,38,38,11,10,25,6,36,61,3,2,13,6,18,30,22,2,79,7,65,33,152,16
02/07/2021,42,2,62,17,25,65,15,10,114,44,110,130,35,6,25,9,31,49,28,35,29,152,59,9,17,47,3,60,36,9,3,70,3,26,51,66,no data,71,4,200,71,296,17
05/07/2021,21,3,35,9,14,19,9,1,12,14,85,76,21,5,19,6,3,31,10,16,no data,36,15,3,5,14,0,64,35,2,1,67,3,25,11,34,1,108,3,97,64,56,39
07/07/2021,5,2,5,3,7,4,2,1,31,8,7,4,9,1,11,1,2,5,4,6,4,9,4,3,0,4,2,3,7,2,0,7,1,3,1,2,1,6,1,5,8,6,7
09/07/2021,7,2,3,4,4,57,3,1,8,11,15,12,22,2,15,1,3,10,6,6,9,7,6,3,2,6,0,5,8,1,1,4,1,3,7,4,2,16,3,8,15,8,6
12/07/2021,16,3,15,10,8,43,4,2,34,17,49,69,21,3,14,3,21,26,6,14,11,14,14,2,6,10,1,25,31,0,0,34,4,14,8,5,0,38,5,40,20,0,17
14/07/2021,10,2,4,12,9,46,5,2,8,12,10,8,13,2,27,1,8,10,6,9,9,9,6,5,6,7,0,20,42,1,1,16,2,12,6,0,1,21,3,7,5,13,10
16/07/2021,9,2,8,8,6,8,5,0,29,9,15,9,13,2,17,6,16,11,7,9,14,13,15,2,6,9,0,21,8,0,0,14,4,7,7,6,0,10,4,13,16,23,20
19/07/2021,12,3,3,2,no data,29,2,0,129,28,16,13,9,2,13,3,8,9,5,12,6,11,5,1,2,6,0,22,20,1,0,11,2,8,2,3,1,18,6,7,12,16,15
21/07/2021,3,2,1,2,no data,12,1,1,11,5,5,6,5,2,6,1,4,4,3,3,3,3,5,0,1,3,1,5,5,2,0,4,1,3,2,1,1,4,1,2,3,8,4
23/07/2021,4,2,1,2,no data,17,2,0,15,6,7,4,6,1,3,2,5,4,3,4,4,4,2,0,3,3,0,8,8,1,0,10,1,4,6,3,1,5,1,7,10,9,8
28/07/2021,7,2,3,3,10,30,4,0,37,12,8,13,6,1,3,2,3,5,4,9,2,5,5,0,2,4,1,15,13,0,no data,8,2,7,15,3,2,13,1,3,no data,13,no data
26/07/2021,6,3,3,1,no data,19,1,0,39,11,6,12,4,1,6,4,4,5,5,6,4,7,3,1,2,4,0,3,7,0,0,9,2,3,14,5,1,14,1,2,5,12,31
30/07/2021,5,2,1,0,14,10,3,1,29,8,11,7,13,2,4,2,2,6,5,5,4,7,2,2,1,4,2,5,4,0,0,11,2,3,8,5,1,15,1,3,9,10,18
04/08/2021,5,5,3,2,20,6,1,0,23,8,5,no data,9,2,2,1,5,4,0,7,2,7,4,3,5,4,1,4,7,0,0,8,2,3,6,5,1,8,1,1,6,11,11
06/08/2021,2,2,1,1,9,5,2,1,11,4,4,4,3,0,1,0,1,2,3,4,1,2,2,2,2,2,0,2,4,0,0,4,0,1,2,3,0,3,3,2,3,2,6
09/08/2021,3,3,2,2,2,12,1,0,10,4,6,6,6,0,1,1,2,3,6,3,1,4,3,3,1,3,0,4,6,0,0,4,0,2,5,2,0,6,1,0,3,7,7
11/08/2021,2,2,1,4,4,2,0,0,2,2,4,2,4,1,2,0,1,2,4,8,1,1,3,1,3,3,no data,2,5,0,1,4,1,2,4,2,0,2,1,1,17,0,5
13/08/2021,2,2,1,0,4,3,1,0,2,2,4,3,5,0,3,1,1,2,6,5,1,4,2,0,1,3,0,1,2,1,0,5,6,2,4,3,3,4,2,0,25,1,4
16/08/2021,4,3,4,1,6,15,1,0,12,6,6,3,7,0,1,1,1,3,4,6,3,3,3,0,1,3,1,11,5,0,0,5,1,3,4,5,1,6,1,2,4,10,3
14/08/2019,13,1,4,1,11,10,60,0,124,30,2,3,17,2,6,4,8,6,5,35,8,9,7,0,1,9,3,2,0,0,1,40,3,7,2,11,5,6,4,7,0,18,0
16/08/2019,9,1,4,1,5,7,7,1,17,6,3,9,8,4,4,3,3,5,8,44,13,23,16,1,7,16,0,8,2,0,0,54,10,11,1,5,8,16,3,53,2,7,0
15/08/2019,13,1,5,4,8,20,22,0,76,19,2,6,21,1,11,2,4,7,17,34,19,12,24,2,6,16,1,4,3,0,1,44,2,8,1,13,5,6,5,23,1,12,1
23/08/2019,6,2,1,1,no data,4,69,0,29,17,0,0,3,1,6,2,2,2,1,9,6,11,4,3,3,5,1,5,1,0,1,12,0,3,1,3,3,3,0,18,1,1,2
26/08/2019,8,3,2,1,1,5,8,0,35,7,0,2,no data,1,6,0,1,2,3,14,7,15,6,3,5,8,0,17,5,0,0,87,2,16,2,7,2,8,1,no data,0,16,2
28/08/2019,3,2,1,1,1,3,4,1,5,2,1,1,3,1,3,2,0,2,3,13,10,8,3,2,1,6,1,2,1,1,1,6,3,2,1,1,3,1,1,6,no data,2,2
30/08/2019,2,2,2,1,1,2,7,0,1,2,3,2,1,0,2,2,0,1,2,11,8,5,5,1,1,5,1,2,2,0,0,7,0,2,1,1,2,1,2,27,3,1,0
04/09/2019,1,5,0,0,0,1,3,0,2,1,1,1,0,0,1,1,1,1,1,3,1,2,1,0,1,1,0,1,0,0,0,3,no data,1,0,0,2,0,0,14,1,1,0
06/09/2019,2,2,2,0,1,1,4,0,3,2,1,1,3,1,2,1,1,1,1,12,4,4,5,1,no data,5,0,2,1,0,1,2,0,1,1,0,6,1,1,44,2,1,0
09/09/2019,0,3,0,0,0,0,2,0,1,0,0,0,1,0,0,0,0,0,0,2,1,0,0,0,1,1,0,0,0,0,0,1,1,0,0,0,0,0,0,8,0,1,0
13/09/2019,1,2,0,0,1,0,5,0,0,1,0,0,1,0,0,1,0,0,1,1,2,1,2,1,0,1,no data,0,0,0,0,1,0,0,0,0,0,1,0,4,1,1,0
11/09/2019,0,2,0,1,0,1,2,0,1,1,0,0,0,0,0,0,0,0,2,0,1,2,1,0,0,1,0,0,0,0,0,2,0,0,0,0,0,0,0,2,2,0,0
16/09/2019,3,3,4,1,2,2,4,0,3,2,1,0,5,0,1,2,2,2,3,8,1,7,6,4,4,5,1,2,0,0,5,3,2,2,1,0,2,1,1,22,2,1,1
18/09/2019,12,2,11,1,3,4,7,0,51,11,21,4,14,1,1,14,14,10,13,10,13,13,53,6,18,18,1,7,4,2,4,34,8,9,7,27,6,16,5,158,23,11,2
23/09/2019,4,5,4,1,2,3,6,0,14,4,1,6,9,1,1,4,0,3,5,7,7,10,6,1,3,6,no data,no data,1,1,1,9,2,3,3,8,18,4,1,16,3,1,0
25/09/2019,6,2,7,1,3,3,13,5,14,7,5,3,6,1,2,5,no data,4,4,13,9,9,20,4,4,9,no data,6,1,0,2,10,2,4,4,13,29,3,6,4,4,1,1
22/07/2020,59,1,160,4,21,143,70,8,72,68,63,52,74,6,2,10,9,31,no data,30,110,168,170,78,78,106,16,145,44,3,30,11,3,36,76,162,45,37,3,15,44,178,36
21/07/2020,61,1,148,8,60,184,77,72,340,127,39,184,61,5,48,24,33,56,no data,35,38,57,19,24,23,33,14,48,57,8,14,14,19,25,98,138,49,180,14,49,140,136,63
23/07/2020,24,1,17,8,30,89,13,2,no data,27,43,24,12,4,3,5,33,18,no data,39,14,46,16,no data,19,27,20,77,62,2,6,9,4,26,92,60,13,47,8,32,66,150,22
24/07/2020,13,1,4,4,18,26,5,2,71,19,26,11,3,1,0,10,6,8,8,27,2,24,10,8,7,12,6,34,24,1,3,7,2,11,14,23,0,29,2,56,54,91,2
25/07/2020,32,1,41,4,18,112,21,4,67,38,27,20,8,10,12,41,36,22,38,31,25,17,31,32,11,26,14,150,122,4,3,4,5,43,268,83,5,91,42,300,153,404,87
26/07/2020,22,1,34,4,14,40,10,0,50,22,53,59,4,1,6,23,36,26,18,24,9,42,11,5,6,16,17,57,96,2,1,1,5,26,22,33,13,96,41,30,50,59,60
27/07/2020,17,1,20,4,10,50,7,0,43,19,30,26,7,5,1,19,13,14,33,20,14,34,25,6,2,19,10,32,53,2,2,2,7,15,21,13,4,35,4,19,24,94,86
28/07/2020,18,1,23,7,8,no data,10,0,43,15,59,33,11,0,1,10,19,19,31,19,16,39,13,3,2,18,35,25,64,3,1,1,6,19,16,16,3,27,2,17,43,64,86
29/07/2020,9,1,26,0,no data,15,15,3,16,13,14,2,6,1,0,12,4,6,13,8,6,34,6,11,1,11,12,14,11,0,3,0,7,7,33,11,8,14,3,7,18,68,20
04/08/2020,8,4,4,1,2,14,6,3,34,9,18,5,4,0,1,6,1,5,6,9,5,33,3,3,0,8,5,5,7,0,0,36,4,8,18,11,15,23,1,10,4,17,23
30/07/2020,12,1,16,4,19,42,24,1,31,20,25,6,23,1,0,14,8,11,8,5,6,34,6,13,2,11,3,9,16,3,4,no data,6,7,11,16,8,26,2,20,33,40,29
31/07/2020,14,1,9,8,12,44,8,2,32,16,24,13,9,2,1,7,2,8,23,17,3,14,9,13,2,12,9,25,19,0,9,63,6,19,18,53,17,37,1,19,66,54,12
07/08/2020,7,3,5,2,3,26,7,0,33,11,11,3,5,1,1,4,2,4,17,5,5,23,5,5,2,9,6,14,18,0,1,3,1,6,10,11,10,18,1,10,16,23,9
10/08/2020,8,3,7,1,2,24,10,0,43,12,23,6,3,1,1,13,3,7,7,4,5,10,4,3,3,5,6,12,20,0,1,6,3,7,8,12,9,20,1,14,19,39,24
17/08/2020,5,3,1,1,4,28,14,5,12,9,7,2,6,0,1,3,2,3,2,3,4,2,3,3,1,3,5,4,14,1,1,15,7,7,5,10,5,7,1,8,18,11,11
11/08/2020,11,1,12,5,14,24,10,0,48,16,20,16,3,0,3,15,2,8,5,10,3,28,2,2,2,7,5,23,37,1,1,6,7,11,16,15,14,40,2,16,8,41,19
12/08/2020,11,1,5,5,6,102,15,1,32,24,20,1,7,3,1,10,1,6,4,5,2,3,4,3,0,3,6,18,9,1,2,24,4,9,19,10,26,30,1,11,8,26,3
14/08/2020,8,2,6,2,3,55,13,3,22,15,11,5,3,0,0,no data,2,4,6,4,5,5,2,1,1,3,4,35,18,1,2,7,4,10,3,6,4,13,1,7,14,16,8
19/08/2020,10,2,6,3,4,69,17,9,14,17,13,11,5,0,1,8,7,6,7,4,2,5,3,3,2,4,2,20,39,2,2,8,7,11,14,32,12,19,1,26,10,20,21
21/08/2020,6,2,3,1,5,25,16,6,10,9,7,4,5,1,0,9,6,5,2,5,2,4,3,2,1,3,5,13,38,1,2,4,7,10,24,10,3,14,1,21,14,17,11
24/08/2020,4,3,3,0,4,15,8,8,5,6,3,1,1,0,0,4,4,2,1,1,2,2,2,1,1,1,2,7,12,0,2,6,4,5,3,2,2,7,1,19,3,9,7
26/08/2020,9,2,3,10,6,25,14,6,57,17,38,7,8,0,1,8,4,9,0,6,3,4,2,2,2,3,4,17,22,0,3,8,5,8,16,45,6,28,0,15,12,22,13
28/08/2020,6,2,2,2,4,17,10,11,25,10,12,6,8,0,1,8,7,6,6,6,5,4,4,3,1,4,4,3,15,2,2,8,4,5,14,9,4,14,0,35,8,8,5
31/08/2020,3,3,1,1,2,6,5,no data,17,5,9,3,1,0,1,5,2,3,2,4,2,2,2,2,1,2,1,3,4,0,1,7,3,3,2,4,2,5,0,12,3,6,5
02/09/2020,1,2,2,1,1,2,3,1,5,2,3,0,1,0,0,1,1,1,1,1,0,2,1,1,0,1,0,1,1,0,1,2,2,1,1,2,1,6,1,3,2,2,3
04/09/2020,1,2,0,no data,0,2,1,1,0,1,1,0,1,1,0,1,0,1,0,0,1,1,1,1,0,1,no data,1,1,0,1,1,3,1,1,1,1,2,0,0,2,0,8
09/09/2020,1,5,0,1,0,4,1,0,4,1,3,0,0,0,0,1,2,1,1,1,1,0,1,0,0,1,0,1,1,0,0,0,0,0,2,1,1,4,no data,8,1,2,1
11/09/2020,1,2,1,2,1,4,4,no data,3,3,3,0,1,0,0,0,0,1,1,1,0,1,0,1,0,1,0,1,2,0,1,0,1,1,1,1,0,3,1,1,1,3,3
14/09/2020,1,2,0,1,1,1,1,1,3,1,4,0,0,no data,1,1,1,1,1,0,1,1,1,0,0,1,0,3,4,0,0,1,0,1,3,2,0,4,1,3,1,3,2
16/09/2020,1,2,0,1,1,3,3,1,1,1,1,no data,0,0,0,1,0,0,1,0,0,1,1,1,0,1,0,0,2,0,0,1,0,0,1,1,1,1,0,2,3,6,1
18/09/2020,0,2,0,0,0,1,0,0,0,0,0,0,0,0,0,no data,0,0,0,0,0,0,0,1,0,0,0,0,0,0,0,0,0,0,0,0,0,0,0,0,0,0,1
21/09/2020,1,3,1,0,0,3,2,0,5,2,4,no data,0,0,no data,0,0,1,0,0,0,1,1,1,1,1,0,0,3,0,0,2,0,1,2,3,0,no data,0,5,1,4,1
18/08/2021,2,2,1,1,3,4,2,0,2,2,3,4,3,0,2,1,2,2,3,2,1,4,2,1,2,2,2,5,6,0,0,5,0,3,3,1,0,4,1,1,5,5,9
27/09/2021,2,4,1,5,1,2,1,0,3,2,3,16,2,2,1,1,1,4,no data,2,1,9,3,0,2,3,2,2,3,1,1,1,1,2,5,6,1,3,no data,2,11,3,2
29/09/2021,5,2,4,5,0,6,2,0,7,3,10,14,3,2,3,2,10,6,no data,2,4,17,7,0,3,6,1,23,12,1,0,3,0,6,7,27,0,5,4,11,45,1,0
16/05/2022,0,3,0,0,0,0,0,0,0,0,0,0,0,0,0,0,0,0,0,0,0,0,0,0,0,0,0,0,0,0,0,0,0,0,0,0,no data,0,0,0,0,0,0
13/05/2022,0,2,0,0,0,0,1,0,0,0,1,0,0,0,0,0,0,0,0,0,0,1,0,0,0,0,no data,1,0,0,0,0,0,0,1,0,no data,0,0,0,1,0,0
11/05/2022,0,2,0,0,0,1,0,0,0,0,1,0,0,0,0,0,1,0,0,0,0,0,0,1,0,0,0,2,1,0,0,0,no data,1,0,1,0,1,1,2,0,1,0
09/05/2022,0,3,0,0,0,0,0,0,0,0,1,no data,0,0,0,0,0,0,0,0,0,0,0,no data,no data,0,0,2,0,0,0,0,0,0,0,1,0,1,0,0,0,0,0
18/05/2022,0,2,0,0,0,0,0,0,0,0,1,0,0,0,0,0,0,0,0,0,0,0,0,0,0,0,0,1,0,0,0,0,0,0,0,1,no data,0,0,0,0,0,0
20/05/2022,0,2,0,0,0,0,0,0,0,0,0,0,0,0,0,0,0,0,0,0,0,0,0,0,0,0,0,0,0,0,0,1,0,0,0,0,0,0,0,0,0,0,0
25/05/2022,0,5,0,0,0,0,0,0,0,0,0,0,0,0,0,0,0,0,0,0,0,0,0,0,0,0,0,0,0,0,0,0,0,0,0,1,0,0,0,0,0,0,0
27/05/2022,0,2,0,0,0,1,0,0,0,0,2,0,1,1,1,0,1,1,0,0,0,0,0,0,0,0,0,0,0,0,0,0,0,0,1,1,1,0,1,1,0,0,1
30/05/2022,0,3,1,0,0,1,0,0,2,1,0,2,0,0,0,0,0,0,0,0,0,0,0,0,0,0,0,0,1,0,0,1,0,0,1,3,0,1,0,1,0,0,0
01/06/2022,0,2,0,0,0,0,0,0,0,0,1,1,0,0,1,0,1,1,0,1,1,0,0,0,0,0,1,0,0,0,0,1,0,0,1,0,0,0,0,1,0,0,1
03/06/2022,0,2,0,1,0,1,0,0,0,0,1,2,0,0,1,1,1,1,0,0,0,0,1,1,0,0,1,1,1,0,0,0,0,0,1,1,1,1,5,1,no data,0,0
06/06/2022,0,3,1,0,0,1,0,0,0,0,0,1,0,0,0,0,0,0,1,1,1,0,0,0,0,0,3,1,0,0,0,0,0,1,1,no data,0,1,0,0,1,1,0
07/06/2022,1,1,4,1,0,1,0,3,1,1,3,0,1,0,0,0,0,1,1,0,1,0,1,1,0,1,3,0,2,0,0,0,0,1,8,8,3,1,0,4,3,3,0
08/06/2022,1,1,0,0,0,3,1,2,1,1,0,0,1,0,0,0,0,0,2,2,1,2,2,1,2,2,2,0,0,0,0,1,0,0,2,1,10,2,0,1,1,3,3
09/06/2022,3,1,4,0,1,10,0,2,7,3,10,3,0,1,2,no data,1,3,3,5,1,3,2,0,2,2,5,2,2,0,1,5,1,2,no data,3,12,1,1,2,3,14,19
10/06/2022,4,1,13,3,2,16,0,4,19,8,12,4,1,1,2,no data,2,4,3,1,6,11,2,0,0,3,3,5,2,0,1,3,0,2,18,12,12,5,3,5,6,44,15
11/06/2022,25,1,20,8,27,33,0,3,58,21,44,83,14,1,24,8,33,30,22,51,6,105,26,8,18,34,2,12,25,0,no data,27,6,12,46,26,20,15,1,46,28,142,10
12/06/2022,14,1,7,10,17,22,0,0,95,22,35,43,7,0,6,11,10,16,15,32,1,6,12,6,15,12,0,16,18,1,0,7,3,6,21,10,0,18,0,18,20,104,0
13/06/2022,7,1,1,2,4,15,7,2,21,7,5,9,6,0,12,0,4,5,9,9,7,1,7,3,7,6,6,11,14,1,2,16,1,7,16,6,1,2,0,1,4,63,2
14/06/2022,9,1,16,4,1,10,4,1,75,16,33,36,2,0,7,5,10,13,1,13,0,5,2,5,5,4,1,10,13,0,0,6,0,4,15,29,3,24,1,12,21,54,1
15/06/2022,7,1,9,3,1,16,1,0,23,8,13,20,6,0,4,0,4,7,11,14,9,7,6,1,2,7,1,7,14,0,2,17,2,6,26,18,11,4,4,8,4,27,18
16/06/2022,7,1,1,3,14,13,0,1,21,8,20,37,3,3,2,6,14,12,2,6,6,7,5,5,7,6,0,13,14,0,1,5,0,5,10,41,16,6,5,8,4,14,1
17/06/2022,13,1,9,4,8,29,4,2,41,14,41,41,13,1,10,2,13,17,13,15,10,21,18,1,5,12,1,16,21,2,1,14,0,8,24,6,12,9,3,3,24,128,13
18/06/2022,14,1,15,7,5,12,0,3,64,15,35,31,8,3,12,6,20,16,13,34,1,24,18,7,17,16,0,9,21,1,1,12,1,6,17,20,6,22,1,18,28,108,5
19/06/2022,10,1,8,9,11,6,1,1,96,19,7,3,6,0,5,2,7,4,7,5,4,29,8,13,29,14,0,11,6,0,0,2,1,3,11,5,1,2,2,5,16,22,0
20/06/2022,40,1,88,19,21,93,1,0,202,61,60,116,10,4,23,16,26,36,8,no data,12,72,21,4,102,37,2,70,86,0,2,29,1,27,91,18,11,41,4,24,50,232,18
21/06/2022,56,1,135,25,8,82,8,1,148,58,124,262,26,4,15,26,42,71,13,62,22,142,52,5,61,51,7,118,135,5,4,37,2,44,99,8,27,55,21,22,43,254,35
22/06/2022,9,1,10,8,5,37,3,3,20,12,9,18,4,4,3,4,6,7,13,16,5,11,9,2,8,9,4,12,8,1,10,3,2,6,31,3,3,3,1,2,9,25,22
24/06/2022,43,1,75,5,4,24,10,10,136,38,120,140,0,13,30,19,37,51,11,16,12,112,29,3,33,31,4,136,204,3,3,4,10,52,142,108,17,79,4,23,34,309,17
23/06/2022,29,1,40,15,18,37,6,0,134,36,50,93,2,5,12,7,22,27,14,15,4,57,20,5,32,21,1,104,78,no data,1,14,2,33,94,12,2,25,8,6,6,144,14
25/06/2022,30,1,56,7,10,20,36,2,56,27,48,150,3,1,38,24,33,42,6,22,31,52,23,6,15,22,5,66,65,2,0,46,3,27,71,31,12,46,13,20,20,118,31
26/06/2022,1,1,2,1,1,6,0,0,2,2,2,3,0,0,1,4,0,1,0,4,1,0,0,0,0,1,1,0,1,1,0,0,0,0,15,0,0,1,0,0,0,4,0
27/06/2022,12,1,16,4,16,38,11,4,22,16,12,38,no data,4,15,23,17,18,2,13,11,5,3,1,0,5,5,16,31,3,5,8,1,10,51,33,8,6,4,3,14,130,16
28/06/2022,15,1,29,2,8,17,1,3,52,16,22,27,0,1,7,9,24,13,14,31,18,63,12,1,8,21,5,14,30,2,0,7,4,9,44,20,18,16,6,14,9,106,6
29/06/2022,11,1,16,14,10,32,8,6,7,13,18,14,4,2,31,4,13,12,8,21,8,25,14,3,6,12,5,7,10,2,2,11,3,6,58,23,8,20,1,7,14,25,6
30/06/2022,19,1,23,2,9,22,2,2,41,14,45,63,11,8,18,6,22,25,14,30,8,57,10,7,14,20,1,59,40,0,1,22,0,18,70,23,22,39,3,6,4,52,8
01/07/2022,14,1,15,9,17,32,3,5,26,15,25,33,10,0,24,13,23,18,8,25,14,35,20,5,7,16,6,12,11,3,2,11,10,8,77,7,14,26,3,11,15,23,16
02/07/2022,15,1,21,14,17,20,6,7,29,16,23,17,6,1,18,3,16,12,9,34,8,61,5,1,3,17,6,13,41,3,1,18,9,13,49,11,13,12,1,5,7,69,12
04/07/2022,28,1,40,11,19,20,9,5,24,18,71,86,12,10,13,14,33,34,33,19,9,64,28,3,30,27,4,85,111,2,0,31,8,34,126,25,22,43,0,17,23,104,23
03/07/2022,26,1,49,21,28,37,14,8,33,27,45,43,7,5,11,9,30,21,23,50,6,128,40,3,24,39,6,28,41,3,2,21,12,16,146,26,15,36,8,23,24,132,12
05/07/2022,9,1,10,4,9,8,3,3,28,9,21,20,12,5,10,5,4,11,4,7,1,29,12,0,0,8,6,19,29,3,1,2,2,9,29,8,7,7,1,1,6,66,13
06/07/2022,18,1,22,13,21,52,8,8,31,22,14,41,9,11,4,3,30,16,18,32,14,37,20,3,14,20,9,35,24,2,4,14,5,13,76,44,20,5,1,18,8,53,18
24/09/2020,1,3,1,0,1,7,2,1,2,2,3,1,0,0,1,2,2,1,0,0,0,1,1,0,0,0,1,1,3,0,2,4,2,2,3,2,1,2,0,0,6,3,10
28/09/2020,1,4,0,1,1,1,2,0,2,1,1,0,0,0,0,no data,0,0,0,no data,no data,1,1,1,0,1,0,1,1,0,0,1,1,1,2,2,no data,2,0,no data,2,1,1
01/10/2020,0,3,0,0,0,1,1,1,0,0,0,0,0,0,0,1,0,0,0,no data,0,0,0,0,0,0,0,0,0,0,0,0,0,0,1,0,1,0,0,1,1,0,0
20/08/2021,1,2,0,1,2,1,1,0,5,1,1,0,0,0,1,1,2,1,3,1,1,4,0,0,2,2,1,3,4,0,0,3,0,2,3,1,1,1,1,0,7,5,5
23/08/2021,1,3,0,0,3,3,1,0,2,1,1,1,1,0,6,1,0,1,1,1,1,1,1,no data,1,1,0,2,1,0,0,1,0,1,0,1,0,0,1,1,5,1,2
25/08/2021,1,2,1,no data,0,2,2,0,1,1,1,0,2,1,5,0,2,2,3,3,0,1,1,no data,1,2,2,0,3,0,1,1,0,1,2,4,1,2,3,3,12,2,2
27/08/2021,1,2,1,1,2,1,0,0,0,1,1,1,2,0,2,1,0,1,1,1,0,1,0,0,0,0,0,1,1,0,0,0,1,0,1,1,1,1,1,2,3,0,0
30/08/2021,2,3,0,1,3,2,1,0,1,1,1,3,2,1,3,2,6,3,6,2,2,1,1,0,2,2,1,1,3,0,0,1,0,1,3,2,1,2,1,1,5,1,2
01/09/2021,2,2,2,2,5,3,2,2,2,3,0,2,4,2,2,2,3,2,1,1,1,6,3,0,0,2,1,2,0,0,1,3,0,1,4,1,1,1,1,2,7,2,0
03/09/2021,2,2,2,1,1,3,1,0,1,1,3,3,2,2,3,2,6,3,no data,5,1,2,3,1,0,2,0,3,1,1,0,1,1,1,2,3,0,3,1,2,24,5,1
07/09/2021,2,4,2,2,2,2,1,1,6,2,3,8,2,0,2,1,5,3,no data,1,3,5,4,0,1,2,1,0,1,0,1,1,0,1,7,1,1,2,1,3,8,2,2
09/09/2021,5,2,2,8,4,10,6,2,5,5,4,12,5,3,4,4,5,5,no data,1,4,19,14,1,7,8,6,1,4,1,2,2,0,2,15,3,0,1,4,8,25,5,3
15/09/2021,5,5,3,3,1,8,3,1,7,4,10,17,5,2,6,2,6,7,no data,no data,4,15,10,1,5,7,0,7,3,2,0,2,1,2,9,4,1,5,3,3,22,11,3
16/09/2021,7,2,3,6,2,9,3,0,10,5,5,53,6,3,11,1,9,13,no data,6,5,17,11,3,3,8,2,10,6,2,2,6,1,4,6,12,0,6,5,7,54,10,7
20/09/2021,4,4,4,5,2,5,3,2,5,4,4,22,1,1,0,1,8,5,no data,2,3,8,4,0,2,3,1,9,7,1,0,3,2,3,4,3,0,3,2,8,31,9,4
23/09/2021,2,3,2,5,1,1,0,1,7,2,3,11,2,1,no data,0,2,3,no data,1,0,7,2,0,0,2,1,3,0,0,1,1,1,1,4,3,1,2,1,2,8,4,no data
07/07/2022,13,1,28,4,6,9,14,11,20,13,20,35,5,7,8,4,13,13,6,22,13,24,20,2,15,15,4,32,25,4,2,4,3,11,30,21,14,11,5,3,6,no data,23
13/07/2022,20,1,51,9,22,18,5,11,36,22,34,45,23,12,26,7,26,25,19,58,15,30,33,6,6,24,5,19,23,6,11,6,2,10,95,62,14,24,10,7,3,58,41
14/07/2022,23,1,36,8,16,37,6,5,62,24,70,60,16,0,25,2,31,29,16,22,19,46,59,2,15,26,1,26,27,0,6,15,3,11,98,34,3,24,10,13,8,106,12
15/07/2022,12,1,9,0,1,26,3,4,27,10,36,60,16,4,12,7,12,21,6,25,11,14,15,3,10,12,0,10,14,1,0,6,1,5,32,52,8,17,6,14,9,47,10
16/07/2022,18,1,30,7,8,34,2,3,50,19,65,83,10,4,7,7,33,30,8,26,10,18,22,1,12,14,1,23,19,0,4,18,7,10,75,51,16,28,7,15,2,114,19
17/07/2022,15,1,6,2,4,32,4,0,25,10,100,40,5,4,8,6,23,27,3,20,13,26,15,3,9,13,2,21,20,no data,8,5,2,10,64,34,9,42,6,3,7,71,4
19/07/2022,24,1,58,3,2,27,9,31,146,39,18,208,3,0,11,4,12,37,3,7,6,50,5,2,12,12,1,26,27,0,2,2,1,8,100,124,4,89,1,15,5,59,5
18/07/2022,27,1,90,3,4,40,7,12,148,43,27,124,11,13,9,13,59,37,2,17,6,46,22,4,7,15,4,44,34,3,0,7,4,14,60,236,48,168,9,19,10,170,21
20/07/2022,7,1,18,1,3,16,6,4,37,12,16,24,1,0,7,4,10,9,1,5,1,7,4,0,2,3,1,1,11,2,0,2,1,3,40,11,22,14,0,1,2,39,3
21/07/2022,13,1,29,no data,7,26,3,1,44,18,24,64,7,4,1,5,27,19,8,17,9,33,4,0,6,11,0,21,16,3,1,1,0,6,11,24,17,32,10,6,2,30,3
22/07/2022,13,1,36,0,4,22,0,0,40,15,21,54,3,3,9,6,21,17,9,no data,10,59,5,1,2,14,4,11,36,0,1,6,1,8,26,14,4,34,2,2,9,33,15
23/07/2022,25,1,45,5,5,86,8,5,75,33,26,50,8,8,29,8,31,23,7,no data,5,61,19,5,8,18,4,49,100,3,4,7,5,25,102,122,4,41,2,15,15,128,73
24/07/2022,5,1,15,0,0,7,7,0,16,6,10,19,7,0,3,1,5,6,2,3,1,5,0,0,0,2,0,3,22,3,0,0,0,4,11,3,6,41,2,3,1,41,13
25/07/2022,8,1,10,2,4,20,1,1,25,9,10,27,16,7,5,7,9,12,6,9,3,7,5,0,2,5,1,16,14,1,8,0,0,6,10,15,11,20,6,0,3,28,42
26/07/2022,18,1,16,4,3,21,no data,5,47,16,64,102,3,12,6,6,33,32,4,6,0,21,15,1,15,9,4,50,31,0,0,5,3,13,42,23,14,35,6,6,16,108,49
27/07/2022,8,1,14,1,3,10,6,1,30,9,3,34,5,3,5,5,10,9,8,8,2,28,4,2,2,8,7,12,11,2,1,1,3,5,11,5,9,10,8,2,15,41,17
28/07/2022,4,1,14,2,1,12,1,0,9,6,no data,8,7,3,4,0,6,5,2,3,4,8,3,0,1,3,5,5,10,1,0,0,1,3,14,5,16,8,7,1,10,15,3
29/07/2022,8,1,3,1,0,6,9,10,8,5,12,11,13,12,12,3,10,10,12,15,9,7,5,4,7,8,13,13,15,3,7,7,7,9,33,12,62,7,7,3,5,32,39
30/07/2022,19,1,13,3,10,29,8,4,44,16,60,53,32,19,18,3,23,30,15,35,9,28,11,4,6,15,3,38,57,1,2,4,9,16,17,37,50,34,5,13,6,102,138
31/07/2022,28,1,27,10,11,35,7,3,73,24,128,62,26,16,21,14,42,44,13,19,10,19,16,9,20,15,15,79,84,2,5,4,6,28,24,18,13,34,6,25,12,138,31
01/08/2022,11,1,15,1,2,25,8,5,21,11,18,16,19,no data,12,3,17,14,11,7,8,11,9,9,6,9,7,28,20,5,7,2,7,11,22,16,39,10,2,10,8,28,50
02/08/2022,30,1,208,9,21,32,21,14,no data,51,30,26,19,16,20,14,21,21,23,27,20,46,33,10,12,24,26,75,no data,24,12,20,9,28,57,63,45,15,9,34,25,232,68
03/08/2022,44,1,79,7,13,51,7,1,372,76,104,36,16,6,6,64,79,44,13,29,9,55,46,1,12,24,19,31,138,10,5,22,0,32,30,26,25,102,54,71,26,528,54
04/08/2022,49,1,103,10,9,110,16,20,73,49,44,156,46,37,33,13,51,54,49,19,55,124,70,31,25,53,23,65,71,38,31,19,30,40,79,93,100,53,8,18,52,208,186
05/08/2022,44,1,73,11,11,40,6,1,268,59,43,65,12,19,no data,19,25,31,19,94,5,146,73,12,32,54,3,85,100,1,1,24,4,31,63,92,0,52,3,74,14,304,8
06/08/2022,88,1,216,13,17,90,14,0,202,79,126,448,31,5,13,46,196,124,36,157,27,340,69,no data,30,110,73,126,33,18,8,42,1,43,152,110,45,140,45,54,80,2368,128
07/08/2022,36,1,69,3,17,53,23,7,64,34,38,102,33,17,41,14,25,39,70,34,61,25,99,18,15,46,43,41,7,25,14,23,15,24,51,34,106,30,9,15,9,260,184
08/08/2022,47,1,25,5,9,36,12,5,146,34,208,224,66,18,52,14,40,89,43,58,21,130,20,9,7,41,3,63,no data,3,4,39,2,19,45,30,27,110,8,12,4,224,72
09/08/2022,104,1,158,16,26,240,33,1,220,99,61,154,34,27,25,10,22,48,80,110,16,540,212,16,93,152,10,416,288,10,2,72,9,115,170,60,5,102,35,64,26,704,83
08/07/2022,18,1,15,2,11,46,14,31,16,19,19,29,13,5,15,3,38,17,5,76,21,40,13,4,17,25,5,11,25,3,0,18,0,9,36,43,38,13,8,5,3,37,23
09/07/2022,32,1,50,8,23,54,2,5,53,28,130,54,42,5,16,9,45,43,5,98,11,118,36,1,14,40,0,50,54,3,0,17,2,18,92,71,8,38,6,32,3,142,15
10/07/2022,32,1,53,7,13,104,9,8,56,36,67,104,17,6,18,7,116,48,15,32,29,53,38,1,17,26,3,33,55,6,9,13,2,17,144,268,30,160,23,38,4,166,102
11/07/2022,31,1,85,13,6,29,6,6,80,32,144,156,19,11,9,17,59,59,3,11,1,32,49,2,21,17,1,39,47,0,5,4,2,14,422,33,22,42,5,13,9,97,91
12/07/2022,20,1,47,4,4,34,5,3,64,23,49,60,18,9,31,7,59,33,25,35,15,24,10,0,7,17,3,10,31,1,5,9,3,9,37,32,11,17,22,3,17,35,35
11/08/2022,18,1,44,4,14,17,20,3,25,18,23,48,13,17,4,6,14,18,27,23,9,35,29,8,6,20,18,38,20,13,4,10,17,17,35,22,15,16,1,22,13,224,39
10/08/2022,72,1,216,17,19,68,60,8,61,64,100,268,28,33,16,47,39,76,105,no data,24,112,240,28,56,94,15,105,174,47,11,35,4,56,102,32,6,59,19,108,41,704,260
12/08/2022,55,1,128,10,16,108,20,5,72,51,240,118,29,1,10,29,204,90,21,29,15,84,45,16,40,36,15,146,104,2,4,15,8,42,142,696,38,35,12,384,200,896,80
13/08/2022,47,1,43,4,11,26,58,19,81,35,212,196,43,28,25,14,78,85,39,33,16,106,64,15,21,42,24,59,49,1,1,46,4,26,24,116,51,55,19,93,61,464,44
14/08/2022,33,1,41,0,2,49,9,4,58,23,59,144,21,9,13,13,57,45,56,56,13,114,35,11,33,45,7,46,31,1,5,21,3,16,16,43,13,100,48,114,41,81,22
15/08/2022,42,1,38,1,6,31,5,4,66,22,204,106,32,9,17,27,148,78,36,47,31,110,63,4,19,44,10,78,66,3,7,14,2,26,285,67,18,108,35,236,130,252,34
16/08/2022,36,1,39,2,2,16,8,1,25,13,95,276,26,0,20,27,146,84,23,6,9,no data,28,no data,26,18,24,61,52,0,0,28,6,24,28,56,18,73,6,34,63,162,77
17/08/2022,28,1,30,2,3,34,14,12,50,21,54,138,63,13,17,12,64,52,37,16,39,19,33,11,3,23,9,36,34,7,6,14,5,16,75,73,65,19,39,26,23,146,54
18/08/2022,61,1,46,4,6,44,6,15,102,32,204,212,26,11,50,45,178,104,112,36,30,38,164,17,33,61,38,110,120,7,7,37,19,48,108,248,48,69,40,80,180,308,200
19/08/2022,14,1,40,3,1,25,11,3,33,17,25,33,10,0,9,9,33,17,7,20,8,11,6,3,10,9,12,22,39,3,0,5,12,13,19,39,22,102,31,15,12,78,40
20/08/2022,22,1,26,2,4,35,7,10,29,16,47,31,18,4,11,35,67,30,10,43,22,46,17,13,6,22,9,33,51,8,5,13,11,19,15,25,55,32,39,48,2,93,13
21/08/2022,22,1,27,1,4,27,7,8,25,14,29,22,27,4,17,21,61,26,35,47,21,20,33,18,6,26,9,60,47,6,6,4,12,21,30,156,260,13,17,8,1,102,87
22/08/2022,33,1,22,2,5,37,5,9,29,16,53,46,24,9,30,19,142,46,73,67,31,44,58,9,28,44,13,60,57,5,6,27,25,28,32,664,160,23,28,43,15,140,100
23/08/2022,18,1,34,2,4,17,8,19,27,16,42,24,13,2,11,28,29,21,19,no data,6,30,9,14,13,15,14,47,50,3,2,10,10,19,13,112,36,25,18,42,5,71,17
24/08/2022,26,1,36,10,1,136,14,11,45,36,48,79,14,2,13,27,14,28,27,23,7,24,37,5,11,19,8,28,70,2,1,9,12,19,20,76,15,31,12,25,3,41,35
25/08/2022,19,1,57,0,7,55,29,10,39,28,35,54,23,1,11,4,21,21,25,31,14,21,18,6,12,18,9,15,21,4,2,6,8,9,9,20,43,28,11,14,0,18,6
26/08/2022,38,1,11,6,5,63,31,7,no data,21,172,150,82,4,76,16,40,77,49,44,23,62,27,19,32,37,9,36,47,3,4,15,6,17,35,104,132,272,10,10,10,86,43
27/08/2022,76,1,72,7,23,124,22,4,138,56,244,248,58,32,130,13,106,119,216,86,43,128,84,47,34,91,21,106,92,3,2,18,23,38,142,520,312,172,32,79,51,no data,188
28/08/2022,97,1,226,7,10,97,21,13,408,112,180,152,220,21,106,22,54,108,20,106,43,240,106,18,29,80,33,276,288,2,4,12,5,89,60,424,106,200,24,42,31,504,80
29/08/2022,235,1,376,26,35,504,15,28,448,205,560,944,176,138,160,75,336,341,142,528,144,272,200,72,160,217,59,258,356,4,10,536,24,178,296,400,224,288,102,81,110,100,432
30/08/2022,77,1,220,38,20,68,11,1,75,62,112,124,14,5,24,16,13,44,102,206,57,292,102,20,106,126,26,64,260,17,7,148,9,76,156,22,29,96,42,16,14,664,39
31/08/2022,107,1,800,28,40,162,31,45,86,170,116,188,30,21,26,20,94,71,74,43,25,224,42,19,40,67,72,224,176,43,14,200,120,121,168,528,192,156,33,220,46,656,696
01/09/2022,104,1,116,29,13,252,18,21,89,77,316,480,71,15,70,29,102,155,no data,162,29,300,79,44,77,115,15,224,73,12,16,122,34,71,196,536,134,196,35,45,36,544,236
02/09/2022,60,1,85,4,13,77,7,2,110,43,228,216,27,3,28,10,23,76,42,68,8,280,32,13,140,83,17,98,42,3,4,98,7,38,12,102,19,108,39,104,28,520,81
03/09/2022,27,1,102,6,1,20,15,6,52,29,51,110,24,4,13,6,12,31,13,22,18,52,18,33,18,25,18,55,21,6,9,31,16,22,30,54,35,33,1,15,2,324,8
04/09/2022,28,1,43,9,5,24,3,2,120,29,52,100,35,5,34,8,34,38,22,58,32,50,17,22,13,31,4,28,31,7,6,25,8,16,28,52,2,24,3,23,0,112,6
05/09/2022,24,1,26,11,5,13,1,0,100,22,25,96,14,no data,37,6,55,39,24,64,18,42,19,11,19,28,0,18,24,1,0,19,4,9,16,57,0,47,4,30,7,196,3
06/09/2022,27,1,38,6,2,13,5,0,114,25,49,45,14,3,25,8,29,25,37,50,7,116,31,12,37,41,8,40,26,2,0,20,6,15,8,67,2,46,5,40,14,208,19
07/09/2022,34,1,85,12,6,42,11,24,56,34,51,120,43,15,37,37,42,49,34,20,23,75,31,25,26,33,21,18,7,2,no data,37,13,16,52,102,30,69,12,30,18,102,66
08/09/2022,34,1,64,11,0,34,3,1,108,32,112,60,8,0,26,17,82,44,14,30,5,134,26,14,53,39,4,104,21,1,0,26,6,23,31,100,1,63,10,204,33,280,40
09/09/2022,21,1,70,6,4,29,7,2,43,23,26,118,20,1,9,6,33,30,9,27,5,48,29,5,21,21,24,22,4,5,3,20,2,11,9,19,12,26,12,30,2,45,10
10/09/2022,9,1,14,3,4,13,2,5,26,10,6,47,17,2,3,5,10,13,10,4,5,10,11,8,9,8,9,2,1,3,1,7,11,5,5,17,3,4,0,2,1,8,2
11/09/2022,4,1,4,0,1,11,0,6,27,7,5,18,6,0,3,4,7,6,1,0,4,1,3,2,3,2,8,1,0,0,1,1,1,2,1,7,3,1,5,3,0,4,1
12/09/2022,17,1,40,2,4,19,1,6,31,15,27,120,16,9,16,8,38,33,11,13,6,37,16,2,15,14,7,8,3,1,0,9,5,5,22,144,10,14,5,17,1,35,10
13/09/2022,13,1,58,6,8,6,4,0,21,15,25,57,21,1,2,8,2,17,5,18,7,20,10,1,12,10,23,6,7,8,0,15,2,9,1,7,8,40,0,96,0,17,4
11/05/2016,1,2,4,0,0,0,2,0,4,1,2,0,3,0,1,0,0,1,2,0,0,0,1,0,0,0,0,3,2,1,0,1,0,1,7,14,0,0,0,2,1,2,1
13/05/2016,0,2,0,0,0,0,1,0,0,0,0,0,1,0,0,0,0,0,0,0,0,0,0,0,1,0,0,0,0,0,0,1,0,0,2,3,1,0,0,1,0,0,0
16/05/2016,0,3,0,0,0,0,1,0,0,0,0,0,0,0,0,0,0,0,0,0,0,0,0,0,0,0,0,0,1,0,0,0,0,0,0,0,0,0,0,0,0,0,0
18/05/2016,0,2,1,0,0,0,0,0,1,0,2,1,0,0,2,0,0,1,1,0,0,0,1,0,0,0,0,1,1,0,0,0,0,0,2,2,0,0,1,1,1,0,2
20/05/2016,1,2,1,1,1,0,1,0,0,1,1,2,1,1,1,1,0,1,0,1,0,2,4,0,1,1,0,5,2,2,0,1,0,1,2,3,1,4,1,8,1,4,12
25/05/2016,2,5,2,3,1,3,1,1,4,2,1,1,4,0,1,5,1,2,1,0,0,2,5,1,1,1,4,11,5,4,1,5,0,4,3,9,1,2,1,26,5,7,11
27/05/2016,1,2,3,1,1,1,1,0,2,1,0,1,2,0,0,0,0,0,0,0,1,1,0,0,1,0,no data,0,1,2,0,0,1,1,3,4,2,1,3,7,2,3,3
01/06/2016,0,2,0,1,1,0,0,0,0,0,0,0,1,0,0,0,0,0,1,1,0,0,1,0,1,1,0,1,0,1,0,1,0,0,2,2,0,0,0,4,1,1,1
03/06/2016,1,2,1,1,0,0,0,0,2,1,1,1,0,0,1,1,0,1,0,0,1,1,1,1,1,1,1,2,2,2,0,0,0,1,3,4,1,0,0,3,0,2,2
06/06/2016,2,3,1,2,0,2,4,1,3,2,1,1,4,0,2,1,1,1,0,2,1,1,1,0,no data,1,5,6,3,2,0,2,1,3,0,10,6,6,1,3,19,3,2
07/06/2016,1,1,2,1,0,6,1,0,0,1,0,1,0,0,0,1,0,0,0,2,2,2,1,1,0,1,3,2,0,2,1,1,0,1,2,5,2,0,0,12,5,2,2
08/06/2016,2,1,1,0,1,1,4,0,2,1,0,1,2,0,2,3,0,1,0,0,0,0,1,1,5,1,5,3,5,2,1,2,0,3,8,1,5,0,1,2,1,2,3
09/06/2016,5,1,4,7,0,2,4,4,11,5,4,8,8,1,7,6,2,5,2,4,8,2,2,1,12,4,7,14,20,3,2,4,0,7,5,10,1,3,19,17,7,15,4
10/06/2016,16,1,5,41,9,8,17,8,10,14,18,42,5,6,16,12,4,15,3,15,9,44,8,12,3,13,10,32,62,17,2,20,0,20,16,41,1,no data,25,178,23,47,43
27/06/2016,4,1,4,3,3,8,2,1,4,4,7,7,3,2,1,2,1,3,0,4,2,6,0,2,4,3,12,6,7,5,1,3,1,5,18,2,3,7,1,6,2,44,0
13/07/2016,4,1,16,6,0,0,7,1,6,5,1,25,1,1,4,0,4,5,0,3,1,4,3,1,3,2,2,6,11,5,0,7,2,5,4,1,0,3,7,5,1,7,2
12/07/2016,25,1,11,12,4,30,7,92,150,44,15,17,13,9,7,11,8,11,2,22,11,19,5,13,8,11,5,55,108,20,3,30,0,32,35,38,9,118,42,228,22,98,96
11/07/2016,42,3,54,103,10,32,8,71,97,54,33,88,25,20,33,17,13,33,4,41,16,49,37,12,64,32,7,133,99,36,6,68,9,51,69,12,17,68,29,71,13,195,68
14/07/2016,3,1,4,2,1,4,2,2,1,2,2,10,2,2,4,2,1,3,0,3,0,5,2,1,6,2,1,8,4,1,0,6,2,3,4,1,0,5,3,1,6,40,1
30/08/2016,7,1,13,29,2,4,2,2,6,8,3,37,11,0,11,5,4,10,0,2,0,7,3,1,7,3,2,5,1,11,8,9,7,6,6,4,0,3,7,1,0,23,19
08/09/2016,4,2,6,11,0,7,1,12,10,7,4,25,3,1,1,2,1,5,1,1,1,3,no data,2,3,2,2,2,2,1,6,0,4,2,4,2,0,4,2,3,2,7,1
04/05/2016,1,2,1,1,1,1,1,1,0,1,1,0,1,1,1,1,2,1,0,0,1,1,1,0,0,0,1,1,2,0,0,1,1,1,4,4,2,no data,1,3,4,1,1
06/05/2016,3,2,6,2,4,2,3,0,6,3,5,4,3,1,6,4,2,3,1,2,2,7,3,0,3,3,1,16,5,3,0,5,1,4,5,11,2,no data,7,17,4,4,11
09/05/2016,1,3,0,0,1,2,1,0,2,1,1,4,2,0,2,4,1,2,0,0,0,1,1,0,0,0,0,16,1,1,0,1,0,3,2,6,1,no data,1,1,1,1,5
30/05/2016,1,3,1,1,1,0,2,1,1,1,0,0,0,0,1,0,1,0,no data,0,1,0,0,1,1,1,no data,1,1,2,0,0,0,1,4,1,2,0,2,7,1,0,3
13/06/2016,22,3,7,11,7,27,8,19,43,17,19,43,18,3,31,7,7,18,6,35,17,32,14,7,14,18,67,72,25,10,2,71,2,36,23,15,6,no data,11,139,17,66,15
14/06/2016,78,1,54,109,24,32,31,182,144,82,128,228,99,39,60,84,25,95,29,66,70,73,66,7,15,47,102,109,37,99,4,224,31,87,88,54,5,no data,25,186,no data,222,216
15/06/2016,139,1,210,296,37,130,39,158,484,193,112,202,45,43,56,70,23,79,5,180,18,404,42,3,65,102,26,432,396,146,5,264,4,182,102,53,13,no data,15,94,78,416,928
16/06/2016,59,1,77,162,11,46,19,116,72,72,33,104,35,19,32,16,8,35,14,50,18,76,28,6,14,29,18,416,156,66,1,46,1,101,35,23,27,73,7,19,9,272,108
17/06/2016,187,1,138,248,68,280,97,224,no data,176,248,488,96,31,122,114,12,159,39,168,31,200,91,16,24,81,45,384,912,504,7,448,6,329,356,162,28,912,34,592,52,268,880
18/06/2016,112,1,200,328,12,260,25,36,no data,144,138,536,87,32,132,98,17,149,14,96,41,57,64,11,37,46,84,212,284,69,19,96,49,116,96,24,56,400,18,170,34,544,6
19/06/2016,74,1,37,64,18,40,8,180,29,54,66,42,27,14,70,14,11,35,16,100,26,82,23,10,41,43,53,264,488,126,2,220,11,166,204,48,51,267,8,134,27,200,192
20/06/2016,19,1,28,63,7,100,13,3,7,32,3,36,3,1,8,3,1,8,4,50,6,9,2,1,8,11,25,27,60,18,1,32,10,25,45,2,3,41,0,47,7,74,2
21/06/2016,39,1,37,43,14,66,34,13,55,37,22,50,29,57,51,11,9,33,7,42,40,24,37,5,41,28,58,74,41,114,14,54,57,59,192,10,15,62,9,31,18,196,6
22/06/2016,68,1,136,174,9,74,32,45,76,78,34,126,44,25,29,19,6,40,7,51,13,42,22,5,50,27,102,154,368,116,7,132,5,126,104,26,3,14,15,27,38,120,140
23/06/2016,33,1,31,128,9,25,18,4,42,37,45,100,37,19,25,23,16,38,5,45,19,36,34,1,51,27,18,47,32,48,1,57,2,29,30,2,6,44,26,28,8,64,9
24/06/2016,63,1,55,102,26,52,60,84,136,74,112,196,58,79,55,49,9,80,26,93,51,67,56,20,32,49,18,62,144,76,10,14,9,48,62,28,8,67,29,98,23,103,156
25/06/2016,44,1,9,48,6,6,11,39,106,32,68,56,16,7,32,20,13,30,2,42,18,no data,12,5,71,25,39,106,160,68,1,226,9,87,134,66,23,176,10,138,124,122,98
26/06/2016,9,1,10,18,2,11,9,2,25,11,5,35,5,2,10,2,5,9,2,7,2,8,5,1,2,4,7,40,12,8,3,22,2,13,18,3,0,3,5,27,3,35,1
28/06/2016,28,1,43,29,6,50,22,41,35,32,17,60,55,35,61,24,22,39,3,22,28,10,14,9,34,17,16,33,19,19,18,11,48,23,41,6,14,8,46,22,16,65,75
29/06/2016,53,1,69,208,4,69,26,9,112,71,77,150,21,38,46,12,23,52,no data,22,16,24,13,14,7,16,10,158,202,13,15,73,5,68,47,14,15,268,83,372,16,100,7
30/06/2016,9,1,20,33,2,10,8,2,24,14,5,26,2,1,17,1,2,8,0,7,5,7,1,1,11,5,16,no data,35,5,0,1,1,10,13,1,4,16,1,12,9,122,2
02/07/2016,46,2,64,74,16,55,21,91,96,60,37,130,58,37,96,30,20,58,3,61,13,33,13,6,20,21,15,134,73,48,8,28,5,44,182,46,18,96,13,160,22,242,280
03/07/2016,107,1,142,200,31,108,44,134,296,136,144,204,116,59,102,95,31,107,4,102,19,112,41,14,55,50,21,404,240,142,14,112,10,135,244,59,8,220,43,208,64,212,396
04/07/2016,35,1,32,51,8,22,13,32,168,47,35,81,8,6,38,14,8,27,3,54,10,23,21,3,10,18,9,204,45,33,3,52,5,50,37,54,0,232,6,440,114,122,96
05/07/2016,52,1,52,53,4,19,24,68,192,59,48,102,96,31,114,63,45,71,9,72,57,30,47,30,83,47,19,108,38,25,4,8,5,30,38,24,62,48,155,35,44,91,150
06/07/2016,28,1,40,47,3,22,7,20,46,26,30,73,42,13,72,28,38,42,2,40,21,10,29,17,52,24,13,39,30,15,10,10,16,19,10,5,14,43,46,12,16,59,17
07/07/2016,55,1,208,76,8,29,20,43,100,69,20,79,28,12,46,22,29,34,no data,64,32,60,43,10,38,41,2,150,114,202,1,49,3,74,23,15,62,35,23,15,19,256,128
08/07/2016,44,1,77,85,4,98,4,31,62,52,107,66,27,6,29,34,14,40,6,66,9,84,29,12,52,37,3,97,87,59,3,77,3,47,148,0,37,98,50,18,21,61,39
18/07/2016,15,3,47,25,4,8,4,27,32,21,12,39,19,4,14,7,10,15,1,15,4,11,22,2,10,9,1,31,27,11,8,7,4,13,21,5,7,27,12,7,2,84,64
15/07/2016,19,1,79,17,6,25,0,28,14,24,10,48,5,2,2,8,10,12,5,46,7,15,14,1,55,20,4,23,36,17,14,30,3,18,5,0,12,17,8,5,3,17,66
19/07/2016,16,1,33,22,8,18,6,12,24,18,27,68,15,6,8,13,9,21,0,26,4,15,6,3,5,8,0,50,35,18,1,1,4,16,no data,8,1,29,15,34,1,49,17
20/07/2016,15,1,12,28,8,6,1,1,75,19,8,49,4,7,17,4,10,14,1,15,3,22,17,4,2,9,0,84,25,6,5,13,2,19,27,2,0,50,5,33,2,48,36
22/07/2016,35,1,no data,94,3,51,9,5,29,32,28,96,9,3,14,18,32,29,2,23,14,50,27,15,23,22,7,260,96,8,6,27,5,58,98,23,9,no data,71,320,16,196,26
25/07/2016,24,3,71,59,4,27,2,14,24,29,19,80,20,10,9,21,14,25,2,14,9,39,40,6,39,21,3,71,23,18,6,22,12,22,131,57,13,no data,40,93,7,132,7
26/07/2016,35,1,61,38,6,33,no data,37,24,33,37,68,35,4,11,33,25,30,1,36,11,84,69,17,54,39,3,122,62,26,17,10,26,38,148,44,20,no data,31,196,20,104,no data
27/07/2016,13,1,44,10,2,5,16,7,4,13,13,10,13,1,3,8,0,7,2,15,12,41,8,6,55,20,0,30,26,9,2,10,3,11,7,10,3,30,4,16,2,110,120
28/07/2016,8,1,30,9,1,7,8,8,8,10,3,20,12,2,6,3,0,7,0,2,6,6,12,2,29,8,1,4,19,7,9,1,1,6,6,15,0,12,1,2,0,42,51
02/08/2016,23,1,43,50,3,22,10,9,20,22,25,56,62,10,21,10,9,28,5,9,18,17,35,11,59,22,15,82,14,13,13,3,8,21,28,156,136,64,7,18,11,81,74
01/08/2016,17,3,47,38,5,4,12,7,50,23,18,47,15,3,8,12,4,15,2,10,5,35,15,2,20,13,3,44,20,13,14,10,4,15,21,100,1,75,4,88,31,67,277
29/07/2016,10,1,56,16,2,5,10,11,9,16,12,19,20,16,6,3,7,12,0,6,1,10,10,3,25,8,1,13,5,4,9,3,10,6,9,13,2,13,12,4,1,21,44
03/08/2016,43,1,150,44,4,42,31,14,44,47,39,212,78,21,33,35,25,63,3,11,16,30,56,9,25,21,9,138,43,19,56,4,6,39,96,96,36,102,42,98,20,188,344
04/08/2016,51,1,176,130,5,43,25,21,71,67,24,284,42,27,12,44,26,66,3,no data,28,70,41,7,19,28,8,138,77,34,1,10,7,39,214,206,10,102,4,86,13,280,138
05/08/2016,38,1,216,65,4,24,29,19,28,55,17,110,27,5,14,8,15,28,6,no data,11,124,18,5,25,32,13,78,83,no data,no data,9,6,38,210,31,9,49,14,35,20,212,41
08/08/2016,31,3,68,50,6,13,21,35,39,33,22,137,41,10,21,27,17,39,1,no data,17,41,30,2,no data,18,9,89,32,no data,no data,7,13,30,35,31,4,32,11,18,6,101,171
10/08/2016,29,1,93,118,20,11,9,16,59,47,15,132,22,4,20,10,4,30,3,2,8,27,12,7,24,12,31,57,74,30,1,8,2,29,19,68,0,29,7,90,4,212,408
11/08/2016,40,1,86,66,16,31,18,34,138,56,30,150,31,4,20,28,4,38,5,19,9,59,31,6,38,24,14,116,97,43,7,24,8,44,49,138,1,87,1,122,15,122,264
09/08/2016,33,1,87,59,7,25,11,2,38,33,33,150,27,5,36,11,8,39,2,11,19,62,36,2,10,20,6,206,35,24,12,3,2,41,18,49,3,81,10,96,17,220,20
15/08/2016,25,3,71,83,3,9,10,23,54,36,16,116,29,3,0,9,7,26,5,20,4,45,27,7,11,17,5,44,33,17,16,28,12,22,34,18,1,45,9,125,2,71,127
12/08/2016,34,1,158,62,9,20,15,no data,128,65,23,144,40,6,17,21,7,37,1,9,6,29,27,5,17,13,9,55,48,20,7,11,11,23,35,132,9,52,no data,19,4,92,40
16/08/2016,29,1,76,64,8,6,19,26,64,38,no data,78,53,7,no data,17,8,33,4,9,10,15,35,8,39,17,40,71,33,13,22,25,9,30,33,22,4,43,75,58,6,62,160
17/08/2016,28,1,45,65,10,6,25,8,61,31,14,112,27,9,29,12,15,31,2,7,4,33,34,12,35,18,15,51,79,34,11,12,12,31,30,17,1,104,49,42,1,138,26
18/08/2016,73,1,178,158,24,17,26,52,106,80,31,280,32,31,43,53,9,68,5,16,26,92,53,35,45,39,96,198,280,42,15,59,30,103,98,53,5,88,111,196,17,228,464
21/08/2016,7,1,24,27,1,2,12,6,4,11,1,13,5,0,17,5,3,6,0,2,0,12,6,3,10,5,3,11,0,10,7,4,5,6,0,7,0,2,2,0,2,8,10
20/08/2016,12,1,70,50,2,2,9,2,10,21,4,16,5,2,16,2,3,7,1,4,4,25,5,4,9,7,7,10,4,7,2,4,43,11,26,3,1,7,1,16,0,83,14
22/08/2016,35,1,80,55,17,8,10,15,57,35,11,96,33,7,36,23,8,31,4,15,12,110,25,15,15,28,9,184,48,53,5,19,5,46,29,85,0,30,2,54,4,156,110
19/08/2016,36,1,84,176,8,6,18,5,88,55,15,108,52,18,46,25,12,39,3,14,3,43,40,14,9,18,31,68,30,29,16,12,25,30,26,29,1,15,48,18,1,126,10
23/08/2016,37,1,17,132,6,31,19,16,46,38,31,81,14,5,39,47,6,32,6,24,32,128,24,9,11,33,2,174,77,32,9,6,3,43,77,52,2,28,33,36,3,134,84
24/08/2016,18,1,40,55,7,21,3,5,11,20,16,42,2,0,15,7,10,13,1,13,8,82,9,9,11,19,2,46,51,14,7,11,9,20,12,18,6,31,59,12,4,116,14
25/08/2016,15,1,49,48,3,5,5,6,19,19,18,66,8,3,8,10,6,17,2,6,0,61,3,1,3,11,5,36,18,14,7,1,6,12,21,9,1,19,10,21,5,115,25
29/08/2016,16,3,44,46,3,6,3,7,35,21,18,61,19,1,4,13,3,17,0,4,7,36,6,2,2,8,3,67,34,no data,2,8,4,20,47,104,1,20,9,33,4,129,68
26/08/2016,5,1,14,32,2,3,1,1,0,8,3,15,10,0,0,6,12,7,0,1,1,2,4,4,1,2,2,7,1,3,1,1,5,3,6,3,0,5,4,2,0,24,17
31/08/2016,9,1,27,42,1,1,5,0,13,13,3,24,13,0,1,3,5,7,2,1,3,28,2,1,7,6,0,35,5,25,3,3,6,11,3,7,0,4,2,4,1,18,1
06/09/2016,15,4,25,26,1,32,2,15,106,30,4,25,11,7,4,12,4,10,no data,5,no data,33,7,3,5,11,3,35,13,7,7,5,5,11,23,10,5,13,18,30,1,61,51
02/09/2016,8,2,40,22,1,1,4,3,15,12,8,48,3,1,3,2,2,10,0,3,3,14,0,3,1,3,1,23,15,13,0,3,1,8,5,7,0,10,0,18,1,49,12
12/09/2016,6,4,20,18,1,19,2,4,11,11,5,19,3,1,4,2,1,5,1,2,6,11,2,0,1,3,0,9,2,2,3,no data,1,3,9,4,2,7,no data,12,0,11,5
14/09/2022,10,1,54,10,3,14,5,1,46,19,12,39,5,1,2,2,8,10,5,4,3,9,9,1,10,6,21,5,3,0,0,8,1,5,4,5,7,12,0,13,0,12,0
15/09/2022,11,1,27,3,2,2,7,6,48,14,10,47,10,1,4,5,49,18,6,6,1,13,17,2,10,8,9,9,9,0,0,9,1,5,7,18,0,14,1,16,22,16,1
16/09/2022,4,1,23,3,0,0,3,5,18,7,5,12,7,0,0,0,5,4,0,2,1,9,1,0,7,3,1,5,4,0,0,3,0,2,9,8,0,6,0,6,4,9,0
19/09/2022,5,3,10,1,2,7,4,1,8,5,2,17,5,0,4,2,23,8,8,2,3,5,8,6,5,5,4,4,2,0,1,4,0,2,5,8,2,4,2,9,1,12,3
22/09/2022,6,3,28,5,2,5,2,1,9,7,3,11,10,0,3,3,18,7,3,3,1,8,5,no data,10,5,14,2,2,0,1,5,2,4,8,16,8,4,0,6,1,5,4
26/09/2022,4,4,18,4,1,3,2,1,no data,5,2,8,8,0,2,2,7,4,3,5,1,3,3,3,8,4,3,3,3,1,0,4,1,2,4,17,4,6,3,8,1,5,1
29/09/2022,2,3,9,4,1,2,1,0,3,3,1,7,2,1,1,2,2,2,2,3,1,4,1,2,6,3,1,4,3,1,0,1,0,1,5,3,0,2,1,4,0,3,0
08/05/2023,0,4,1,0,0,1,0,0,1,0,1,1,0,0,0,1,no data,1,0,0,0,1,1,0,1,0,0,1,0,0,0,1,2,1,2,2,0,1,1,2,4,0,0
10/05/2023,1,2,2,0,0,0,0,0,3,1,0,2,1,0,0,1,7,2,0,1,1,3,2,1,1,1,3,3,2,0,0,2,2,2,4,3,1,1,1,2,no data,2,4
12/05/2023,0,2,0,0,0,1,0,0,0,0,0,0,0,0,1,0,3,1,0,1,0,0,1,0,1,0,0,0,1,0,0,0,1,0,1,0,3,1,1,0,no data,1,6
15/05/2023,1,3,1,0,0,3,0,0,2,1,0,3,0,0,0,1,3,1,1,2,2,0,1,0,1,1,1,2,3,1,1,1,2,2,1,1,3,1,1,1,1,2,3
17/05/2023,1,2,2,0,1,no data,0,no data,4,1,0,2,1,1,0,0,3,1,0,0,0,1,1,0,0,0,5,5,1,1,1,0,1,2,2,2,2,0,1,0,3,2,5
19/05/2023,0,2,0,0,1,no data,4,0,0,1,0,1,1,0,0,1,1,1,0,0,1,0,1,0,0,0,1,0,0,0,0,0,1,0,2,1,0,0,1,0,0,0,0
24/05/2023,1,5,1,0,0,1,0,0,2,1,1,3,1,0,0,0,2,1,0,1,1,0,1,0,1,1,0,2,1,0,1,1,1,1,1,6,0,0,no data,4,1,3,1
26/05/2023,8,2,3,4,3,3,2,0,22,5,61,8,6,1,3,5,12,14,4,6,3,5,3,4,6,4,0,27,17,0,1,11,1,8,3,13,0,14,4,4,3,17,0
29/05/2023,15,3,9,4,5,18,4,0,49,13,49,15,12,1,10,9,20,17,7,no data,8,10,7,16,8,9,2,68,33,0,2,25,3,19,9,18,0,25,1,21,no data,49,4
31/05/2023,5,2,5,5,4,2,6,0,8,4,8,1,6,1,6,1,4,4,4,4,6,3,1,6,7,4,4,18,9,0,4,8,3,7,4,3,1,2,2,3,no data,13,6
02/06/2023,4,2,1,5,5,2,3,0,9,4,3,4,0,0,3,1,2,2,2,4,4,2,7,2,8,4,5,13,9,1,1,6,2,5,3,2,1,2,1,5,10,10,3
05/06/2023,4,3,5,7,11,6,1,0,8,5,no data,5,2,1,2,3,3,3,3,2,3,2,4,1,6,3,6,6,12,0,0,5,1,4,7,3,2,4,1,2,no data,23,2
07/06/2023,2,2,1,1,7,3,1,1,1,2,3,6,0,0,3,2,3,2,2,1,1,1,1,2,2,1,7,7,0,0,1,1,1,2,1,0,2,6,1,1,1,3,3
09/06/2023,5,2,4,3,11,8,5,0,7,5,18,7,6,1,6,3,8,7,6,4,5,2,5,1,5,4,6,7,3,0,0,3,1,3,6,3,7,7,2,3,1,18,10
12/06/2023,3,3,1,2,3,10,2,0,10,4,9,4,1,1,3,1,4,3,2,no data,1,2,2,0,2,2,4,3,0,0,0,2,0,1,6,1,3,2,0,3,3,4,2
13/06/2023,9,1,21,5,7,8,9,0,44,13,21,49,10,3,4,2,16,15,8,10,3,7,14,0,6,7,0,2,2,1,1,2,0,1,30,2,3,7,0,2,2,15,1
14/06/2023,5,1,17,1,1,25,3,0,20,10,11,14,0,1,0,0,2,4,3,3,0,3,2,0,2,2,3,4,13,0,0,2,0,3,0,4,1,9,0,1,10,34,13
15/06/2023,3,1,13,3,1,7,2,0,6,5,3,5,2,1,0,1,1,2,0,5,0,6,1,0,1,2,4,4,5,0,0,0,3,2,2,1,0,2,1,1,0,8,1
16/06/2023,11,1,31,9,8,58,2,0,67,25,no data,30,7,1,6,0,3,8,4,10,2,1,3,3,2,4,1,24,14,0,0,0,3,6,24,8,0,8,0,3,3,11,0
19/06/2023,21,3,35,22,10,69,4,0,168,44,54,71,7,3,8,4,7,22,0,27,3,10,12,1,7,9,3,24,29,1,2,6,2,10,44,6,6,10,3,7,6,42,11
20/06/2023,11,1,11,9,7,17,2,0,41,12,43,18,11,1,8,1,2,12,no data,11,4,31,7,3,9,11,2,19,22,0,0,4,2,7,13,35,0,13,0,10,9,26,2
21/06/2023,53,1,170,38,13,114,17,2,210,81,116,272,7,2,1,4,14,59,1,32,8,27,8,2,29,15,21,224,144,1,5,9,5,58,43,24,15,104,4,8,56,116,42
22/06/2023,42,1,102,20,35,65,18,1,280,74,72,154,16,3,12,9,27,42,8,47,9,20,44,5,20,22,14,81,72,0,4,19,12,29,23,15,12,33,4,23,16,120,18
23/06/2023,12,1,20,21,41,30,13,0,41,24,15,26,9,4,7,0,11,10,5,15,9,7,6,3,5,7,25,7,4,2,2,1,8,7,12,9,15,7,0,1,13,9,9
27/06/2023,29,1,120,15,13,10,18,1,102,40,58,108,7,0,13,3,8,28,3,31,7,21,10,2,13,12,11,119,87,4,0,21,2,35,no data,12,4,23,3,6,33,58,27
26/06/2023,29,3,68,12,31,51,24,1,144,47,38,165,6,2,13,8,10,35,5,24,10,19,14,2,7,12,7,43,96,1,1,10,6,23,38,22,5,16,2,4,33,107,17
28/06/2023,13,1,14,7,4,19,5,1,65,16,55,47,6,0,8,6,3,18,8,8,2,16,5,1,9,7,2,48,23,1,0,3,5,12,14,15,1,14,0,5,3,41,1
29/06/2023,15,1,31,3,7,20,8,0,56,18,19,50,20,1,16,3,1,16,7,5,6,12,9,no data,3,7,7,55,44,0,1,8,0,16,5,5,9,no data,1,1,3,28,9
30/06/2023,14,1,18,2,3,14,5,0,84,18,12,60,6,0,11,5,0,13,8,10,12,21,18,no data,3,12,0,40,35,1,0,9,2,12,2,2,2,12,2,1,3,21,3
05/07/2023,4,2,5,2,1,7,5,0,25,6,10,16,3,0,2,2,3,5,no data,3,1,5,5,2,1,3,0,5,4,0,0,3,0,2,2,0,3,7,0,0,1,5,4
10/07/2023,6,3,6,1,8,6,6,1,33,9,19,33,2,0,6,2,0,9,2,5,2,5,3,0,1,3,0,11,7,1,0,6,2,4,3,12,1,6,1,1,1,12,10
07/07/2023,5,2,4,3,9,14,5,0,20,8,10,11,6,0,9,3,5,6,5,4,1,4,1,1,1,2,2,5,2,1,no data,3,2,3,3,3,4,3,0,1,1,11,13
12/07/2023,6,2,3,2,4,12,2,1,28,7,23,55,8,1,2,3,3,14,1,2,0,2,2,1,2,1,1,2,5,1,1,2,1,2,1,1,1,7,0,0,0,3,5
03/07/2023,18,3,40,14,13,42,9,1,92,30,16,100,8,1,16,1,4,21,6,11,3,20,12,1,5,8,4,35,39,1,1,7,2,13,11,no data,1,7,4,3,3,39,8
17/07/2023,2,3,3,no data,1,6,3,0,7,3,9,12,2,0,2,1,no data,4,1,1,0,2,1,1,0,1,1,2,2,0,0,2,0,1,1,0,1,6,2,0,2,5,4
14/07/2023,10,2,8,4,5,16,0,1,53,12,49,54,5,1,5,1,4,17,1,7,0,8,11,1,5,5,4,10,10,2,0,5,3,5,9,17,2,12,4,1,4,9,13
19/07/2023,4,2,5,2,7,4,2,1,18,6,10,12,2,0,4,2,1,4,4,7,1,4,4,1,7,4,3,4,2,0,1,5,5,3,4,1,3,4,1,3,1,6,7
21/07/2023,7,2,8,2,8,10,2,0,39,10,16,30,6,1,2,1,7,9,5,14,3,6,6,1,6,6,3,7,5,1,0,4,2,3,3,2,4,10,2,0,3,7,6
24/07/2023,7,3,6,1,12,7,no data,3,27,9,15,19,3,2,9,1,4,8,5,9,5,6,9,2,6,6,2,14,4,3,0,4,3,4,6,4,2,10,1,4,3,22,8
26/07/2023,6,2,3,1,5,14,no data,0,29,9,16,20,5,2,7,3,4,8,3,5,2,4,5,1,5,4,no data,12,6,0,0,6,0,4,7,5,2,3,3,2,2,5,12
02/08/2023,4,1,2,0,13,13,0,1,14,6,no data,12,3,2,2,3,7,5,6,4,3,2,5,1,4,4,3,0,5,2,1,5,3,3,11,28,3,8,1,1,1,10,56
01/08/2023,5,1,4,0,7,10,2,0,33,8,24,10,4,1,no data,1,1,7,no data,5,1,2,3,5,2,3,0,0,5,1,0,5,1,2,13,22,0,9,0,3,1,11,11
04/08/2023,6,1,9,0,11,12,1,0,23,8,16,8,7,0,5,2,9,7,3,8,1,6,9,1,10,5,1,3,9,2,4,11,4,5,13,6,5,4,2,2,0,17,18
31/07/2023,3,3,3,0,7,12,1,0,20,6,6,4,2,1,1,2,2,3,no data,5,1,5,4,1,3,3,3,0,2,0,0,3,0,1,2,5,0,2,1,0,0,3,14
03/08/2023,6,1,3,2,7,7,2,0,20,6,27,12,9,2,1,4,5,9,1,12,2,4,8,1,6,5,0,12,11,0,5,6,3,5,16,5,4,15,4,1,2,14,26
08/08/2023,7,4,11,1,6,9,2,0,35,9,15,12,5,1,6,3,5,7,7,13,5,no data,13,1,7,8,4,6,6,1,1,16,3,5,11,25,3,7,2,5,1,no data,40
09/08/2023,5,1,11,1,7,8,4,0,27,8,4,3,5,0,3,1,4,3,4,6,1,0,9,1,5,4,5,1,3,0,4,10,1,3,2,2,2,5,1,0,1,6,5
14/08/2023,4,3,10,2,10,14,4,0,13,8,6,no data,no data,0,5,1,2,3,3,9,1,5,4,0,4,4,no data,3,5,1,2,5,2,3,7,7,2,2,1,2,1,16,5
10/08/2023,2,1,7,0,1,2,1,0,2,2,4,6,2,0,1,1,2,2,2,2,1,1,0,1,1,1,0,0,2,1,1,7,0,2,0,0,0,3,0,1,0,1,6
11/08/2023,2,1,4,1,0,6,1,0,7,3,2,5,no data,1,1,1,0,2,3,1,0,1,1,0,0,1,0,3,3,0,0,3,0,1,1,0,0,0,0,1,0,12,6
15/08/2023,6,1,7,0,11,16,1,0,1,5,21,11,15,0,8,0,2,8,2,6,1,10,8,1,3,4,no data,13,13,1,3,11,1,7,11,32,5,15,2,1,0,23,17
17/08/2023,1,1,1,0,1,4,3,0,7,2,1,2,0,0,1,0,0,1,2,3,0,0,0,0,2,1,0,1,1,0,0,1,0,0,0,0,0,2,0,0,2,0,1
18/08/2023,5,1,8,0,8,18,2,2,16,8,14,12,7,1,3,1,0,5,9,5,3,10,8,2,5,6,0,2,0,0,1,5,2,1,11,9,0,9,3,6,1,2,7
16/08/2023,9,1,14,2,20,29,1,0,14,11,22,14,5,1,6,2,4,8,4,17,1,16,19,1,6,9,7,11,8,4,1,11,3,6,14,8,2,5,1,9,2,11,47
24/08/2023,3,1,6,0,6,5,1,0,7,4,6,12,4,0,4,4,2,5,1,7,1,10,5,0,2,4,1,2,8,0,0,3,0,2,12,4,1,3,0,3,2,6,6
23/08/2023,6,1,5,0,1,7,1,0,21,5,23,16,6,0,7,6,1,8,0,7,0,28,2,0,3,6,3,5,15,3,0,3,0,4,12,1,1,6,2,8,0,7,6
22/08/2023,1,1,0,1,0,1,1,0,8,2,4,0,0,0,0,1,0,1,2,0,0,3,2,0,1,1,0,1,1,0,1,1,0,1,2,1,0,4,0,1,1,4,1
21/08/2023,6,3,8,1,no data,6,2,0,10,5,26,15,6,0,3,2,1,8,4,3,1,21,5,2,16,7,2,2,7,1,0,6,2,3,4,21,1,9,2,6,0,8,10
29/08/2023,2,1,3,1,3,2,0,0,6,2,1,4,1,1,1,1,1,1,4,4,1,2,8,3,2,3,0,0,5,0,1,6,1,2,1,0,no data,4,0,5,0,4,1
30/08/2023,1,1,1,2,1,0,0,1,2,1,1,3,1,1,1,0,0,1,3,0,0,0,0,0,1,1,1,1,0,1,0,2,1,1,0,1,no data,2,0,0,0,3,0
28/08/2023,2,3,1,1,3,2,1,0,8,2,4,2,1,no data,1,0,2,2,0,2,0,5,1,1,2,2,0,2,4,0,1,2,2,2,3,4,0,1,1,2,0,6,4
31/08/2023,2,1,1,0,1,1,0,0,8,2,4,1,1,2,0,0,1,1,1,4,0,4,2,1,2,2,0,3,5,0,0,2,0,1,1,0,0,1,0,5,0,1,0
05/09/2023,2,4,2,3,3,3,0,0,3,2,7,4,2,0,1,1,0,2,1,2,0,3,2,0,2,1,1,6,5,0,0,1,1,2,4,3,0,5,0,4,1,9,2
01/09/2023,2,1,2,0,3,5,0,0,6,2,9,8,1,0,1,1,2,3,0,0,0,7,4,2,7,3,1,4,1,0,0,1,0,1,4,9,no data,4,1,8,1,10,0
06/09/2023,1,1,2,5,2,1,0,0,1,2,0,0,3,1,2,0,0,1,0,0,0,2,1,0,1,1,0,2,0,0,0,0,0,0,0,0,0,2,0,1,0,4,1
11/09/2023,1,3,3,1,2,0,0,0,0,1,1,2,1,0,1,0,0,1,1,0,0,2,2,0,0,1,0,0,0,0,0,1,0,0,1,0,0,2,0,0,0,1,1
08/09/2023,1,2,1,6,2,1,1,0,0,2,2,3,2,0,3,1,0,2,2,1,0,1,3,1,0,1,0,2,1,0,0,1,1,1,2,2,0,1,0,1,1,5,1
13/09/2023,0,2,2,2,1,1,1,0,0,1,1,0,1,0,0,0,0,0,0,0,0,1,1,0,0,0,0,0,1,0,0,1,0,0,1,1,0,0,0,0,1,1,0
15/09/2023,1,2,4,4,4,1,0,0,1,2,3,2,2,1,0,1,0,1,1,2,0,3,1,0,0,1,0,4,4,no data,1,0,1,2,6,5,0,3,0,1,3,7,2
22/09/2023,1,4,1,2,0,0,1,0,0,1,1,1,1,0,1,1,0,1,1,2,0,2,1,1,3,1,0,1,0,1,0,1,1,1,2,3,0,1,0,0,2,3,1
18/09/2023,0,3,1,0,1,0,1,0,0,0,0,1,0,0,0,0,0,0,0,0,0,1,0,0,1,0,0,2,1,0,0,0,0,0,0,1,0,0,0,0,3,1,1
25/09/2023,0,3,1,0,1,no data,1,0,0,1,0,1,2,0,0,0,0,0,0,0,0,0,0,0,0,0,0,0,0,0,0,0,0,0,0,1,1,0,0,0,4,0,1
29/09/2023,0,4,1,0,1,0,1,0,no data,1,1,1,1,0,0,1,0,1,0,0,0,1,1,1,0,0,0,0,0,0,0,1,1,0,0,0,0,0,1,0,2,0,1
